status,date,time,type,operator,registration,msn,first_flight,engines,crew,passengers,total,aircraft_damage,aircraft_fate,location,phase,nature,departure_airport,destination_airport,flightnumber,asn_home,fsf_home,join_fsf,contact_us,press_/_media,link,on_behalf_of,total_airframe_hrs,cycles,,investigating agency,status,duration,accident_number,download_report,ground_casualties,operating_for,leased_from,crash_site_elevation,collision_casualties
 Information is only available from news or social media reports,Monday 21 March 2022,06:22 UTC,Boeing 737-89P (WL),China Eastern Airlines, B-1791, 41474/5453, 2015-06-05  (6 years 10 months), 2 CFMI CFM56-7B26E,Fatalities: 9 / Occupants: 9,Fatalities: 123 / Occupants: 123,Fatalities: 132 / Occupants: 132 , Destroyed, Written off (damaged beyond repair),"Tengxian, Guangxi (   China) 
", En route (ENR),Domestic Scheduled Passenger,"Kunming Changshui International Airport (KMG/ZPPP), China","Guangzhou Baiyun International Airport (CAN/ZGGG), China",MU5735,Send Correction / Feedback,Disclaimer,Copyright,Privacy Policy,,https://aviation-safety.net/database/record.php?id=20220321-0,,,,,,,,,,,,,,
 Little or no information is available,Tuesday 1 March 2022,,Shaanxi Y-8,People's Liberation Army - Air Force - PLAAF, registration unknown, , ,,Fatalities:  / Occupants: ,Fatalities:  / Occupants: ,Fatalities:  / Occupants:  , Damaged beyond repair,,"off Sanya (   China) 
", En route (ENR),Military,?,?,,Send Correction / Feedback,Disclaimer,Copyright,Privacy Policy,,https://aviation-safety.net/database/record.php?id=20220301-0,,,,,,,,,,,,,,
Final,Monday 1 March 2021,15:19,Beechcraft B300 King Air 350i,Beidahuang General Airlines, B-10GD, FL-1014, 2016, 2 Pratt & Whitney Canada PT6A-60A,Fatalities: 2 / Occupants: 2,Fatalities: 3 / Occupants: 3,Fatalities: 5 / Occupants: 5 , Destroyed, Written off (damaged beyond repair),"Shanghu, Ji'an County (   China) 
", En route (ENR),Agricultural,"Ganzhou Airport (KOW/ZSGZ), China","Ganzhou Airport (KOW/ZSGZ), China",,Send Correction / Feedback,Disclaimer,Copyright,Privacy Policy,,https://aviation-safety.net/database/record.php?id=20210301-0,China Meteorological Administration (CMA),672,398,"

Investigating agency: CAAC 
Status: Investigation completed
Duration: 239 days (8 months)Accident number: 20210301TFSQ01Download report:   Final report


",CAAC ,Investigation completed,239 days (8 months),20210301TFSQ01,"  Final report
",,,,,
,Monday 29 January 2018,,Shaanxi Y-8GX-3,People's Liberation Army - Air Force - PLAAF, 30513, , ,,Fatalities: 5 / Occupants: 5,Fatalities: 7 / Occupants: 7,Fatalities: 12 / Occupants: 12 , Destroyed, Written off (damaged beyond repair),"Zhengchang, Suiyang County, Guizhou Province (   China) 
", En route (ENR),Military,?,?,,Send Correction / Feedback,Disclaimer,Copyright,Privacy Policy,,https://aviation-safety.net/database/record.php?id=20180129-0,,,,,,,,,,,,,,
Preliminary,Wednesday 20 July 2016,ca 12:20,Cessna 208B Grand Caravan EX,Joy General Aviation, B-10FW, 208B5222, 2015, 1 Pratt & Whitney Canada PT6A-140,Fatalities: 1 / Occupants: 2,Fatalities: 4 / Occupants: 8,Fatalities: 5 / Occupants: 10 , Damaged beyond repair,,"off Jinshan City Beach (   China) 
", Takeoff (TOF),Domestic Non Scheduled Passenger,"Jinshan City Beach Seaplane Base, China",?,,Send Correction / Feedback,Disclaimer,Copyright,Privacy Policy,,https://aviation-safety.net/database/record.php?id=20160720-0,,,,,,,,,,,,,,
Preliminary,Tuesday 6 August 2013,,Shijiazhuang Y-5B,Jingmen General Aviation Co., B-8473, 0101, 1989,,Fatalities: 1 / Occupants: 3,Fatalities: 0 / Occupants: 0,Fatalities: 1 / Occupants: 3 , Damaged beyond repair,,"Danfeng County (   China) 
", Unknown (UNK),Agricultural,?,?,,Send Correction / Feedback,Disclaimer,Copyright,Privacy Policy,,https://aviation-safety.net/database/record.php?id=20130806-0,,,,,,,,,,,,,,
,Friday 29 June 2012,12:35,Embraer ERJ 190-100 LR  (ERJ-190LR),Tianjin Airlines, B-3171, 19000379, 2010, 2 General Electric CF34-10E5,Fatalities: 0 / Occupants: 9,Fatalities: 2 / Occupants: 92,Fatalities: 2 / Occupants: 101 , None,,"Hotan Airport (HTN) (   China) 
", En route (ENR),Domestic Scheduled Passenger,"Hotan Airport (HTN/ZWTN), China","Urumqi Airport (URC/ZWWW), China",GS7554,Send Correction / Feedback,Disclaimer,Copyright,Privacy Policy,,https://aviation-safety.net/database/record.php?id=20120629-0,,,,,,,,,,,,,,
Preliminary,Monday 28 March 2011,19:45,Cessna 550 Citation II,Zhong Fei General Aviation Company - CFGAC, B-7026, 550-0305, 1981, 2 Pratt & Whitney Canada JT15D-4,Fatalities: 3 / Occupants: 3,Fatalities: 0 / Occupants: 0,Fatalities: 3 / Occupants: 3 , Missing, Presumed damaged beyond repair,"Manas County, Hui Autonomous Prefecture of Changji (   China) 
", En route (ENR),Survey/research,"Korla Airport (KRL/ZWKL), China","Korla Airport (KRL/ZWKL), China",,Send Correction / Feedback,Disclaimer,Copyright,Privacy Policy,,https://aviation-safety.net/database/record.php?id=20110328-0,,,,,,,,,,,,,,
Final,Tuesday 24 August 2010,21:38,Embraer ERJ 190-100 LR  (ERJ-190LR),Henan Airlines, B-3130, 19000223, 2008, 2 General Electric CF34-10E5,Fatalities:  / Occupants: 5,Fatalities:  / Occupants: 91,Fatalities: 44 / Occupants: 96 , Destroyed, Written off (damaged beyond repair),"0,9 km (0.6 mls) E of Yichun Lindu Airport (LDS) (   China) 
", Landing (LDG),Domestic Scheduled Passenger,"Harbin-Taiping International Airport (HRB/ZYHB), China","Yichun Lindu Airport (LDS/ZYLD), China",VD8387,Send Correction / Feedback,Disclaimer,Copyright,Privacy Policy,,https://aviation-safety.net/database/record.php?id=20100824-0,,5109,4712,,,,,,,,,,,
Preliminary,Sunday 15 June 2008,16:30,Harbin Yunshuji Y-12 II,China Flying Dragon Aviation, B-3841, 0061, ,,Fatalities: 3 / Occupants: 4,Fatalities: 0 / Occupants: 0,Fatalities: 3 / Occupants: 4 , Damaged beyond repair,,"near Chifeng (   China) 
", En route (ENR),Survey/research,?,?,,Send Correction / Feedback,Disclaimer,Copyright,Privacy Policy,,https://aviation-safety.net/database/record.php?id=20080615-0,,,,,,,,,,,,,,
Preliminary,Thursday 19 October 2006,ca 14:00,Xian Yunshuji Y-7,People's Liberation Army - Air Force - PLAAF, registration unknown, , ,,Fatalities: 2 / Occupants: ,Fatalities: 0 / Occupants: ,Fatalities: 2 / Occupants:  , Damaged beyond repair,,"near Hengshui (   China) 
", Unknown (UNK),Military,?,?,,Send Correction / Feedback,Disclaimer,Copyright,Privacy Policy,,https://aviation-safety.net/database/record.php?id=20061019-1,,,,,,,,,,,,,,
,Saturday 3 June 2006,ca 15:00,Shaanxi KJ-200 (Y-8),People's Liberation Army - Air Force - PLAAF, registration unknown, , ,,Fatalities: 5 / Occupants: 5,Fatalities: 35 / Occupants: 35,Fatalities: 40 / Occupants: 40 , Damaged beyond repair,,"near Yaocun (   China) 
", En route (ENR),Military,?,?,,Send Correction / Feedback,Disclaimer,Copyright,Privacy Policy,,https://aviation-safety.net/database/record.php?id=20060603-0,,,,,,,,,,,,,,
Preliminary,Sunday 21 November 2004,08:20,Canadair CL-600-2B19 Regional Jet CRJ-200LR,China Yunnan Airlines, B-3072, 7697, 2002, 2 General Electric CF34-3B1,Fatalities: 6 / Occupants: 6,Fatalities: 47 / Occupants: 47,Fatalities: 53 / Occupants: 53 , Destroyed, Written off (damaged beyond repair),"near Baotou Airport (BAV) (   China) 
", Initial climb (ICL),Domestic Scheduled Passenger,"Baotou Airport (BAV/ZBOW), China","Shanghai-Hongqiao Airport (SHA/ZSSS), China",5210,Send Correction / Feedback,Disclaimer,Copyright,Privacy Policy,,https://aviation-safety.net/database/record.php?id=20041121-0,,,,,,,,,,Fatalities: 2,,,,
Preliminary,Tuesday 18 May 2004,ca 10:50,Ilyushin Il-76TD,, 4K-AZ27, 0053460827, 1985, 4 Soloviev D-30KP-2,Fatalities: 7 / Occupants: 7,Fatalities: 0 / Occupants: 0,Fatalities: 7 / Occupants: 7 , Damaged beyond repair,,"10 km (6.3 mls) from  Urumqi Airport (URC) (   China) 
", Initial climb (ICL),Cargo,"Urumqi Airport (URC/ZWWW), China","Baku-Heydar Aliyev International Airport (GYD/UBBB), Azerbaijan",,Send Correction / Feedback,Disclaimer,Copyright,Privacy Policy,,https://aviation-safety.net/database/record.php?id=20040518-0,,,,,,,,,,,Azal Cargo,Silk Way Airlines,,
,Monday 2 September 2002,,Cessna 650 Citation VI,CAAC Air Traffic Management Bureau, B-7023, 650-0221, 1992, 2 Garrett TFE731-3B-100S,Fatalities: 3 / Occupants: 3,Fatalities: 0 / Occupants: 0,Fatalities: 3 / Occupants: 3 , Damaged beyond repair,,"15 km (9.4 mls) from  Xichang (   China) 
", En route (ENR),Survey/research,"Xichang Airport (XIC/ZUXC), China","Xichang Airport (XIC/ZUXC), China",,Send Correction / Feedback,Disclaimer,Copyright,Privacy Policy,,https://aviation-safety.net/database/record.php?id=20020902-0,,,,,,,,,,,,,,
Preliminary,Tuesday 7 May 2002,21:32,McDonnell Douglas DC-9-82 (MD-82),China Northern Airlines, B-2138, 49522/1702, 1990, 2 Pratt & Whitney JT8D-217A,Fatalities: 9 / Occupants: 9,Fatalities: 103 / Occupants: 103,Fatalities: 112 / Occupants: 112 , Destroyed, Written off (damaged beyond repair),"20 km (12.5 mls) E off  Dalian (   China) 
", Approach (APR),Domestic Scheduled Passenger,"Beijing-Capital International Airport (PEK/ZBAA), China","Dalian Airport (DLC/ZYTL), China",6163,Send Correction / Feedback,Disclaimer,Copyright,Privacy Policy,,https://aviation-safety.net/database/record.php?id=20020507-1,,26000,16000,,,,,,,,,,,
,Thursday 4 January 2001,,Shaanxi Yunshuji Y-8,People's Liberation Army - Air Force - PLAAF, 31243, , ,,Fatalities:  / Occupants: ,Fatalities:  / Occupants: ,Fatalities: 8 / Occupants: 8 , Damaged beyond repair,,"near Zheng Zou Air Base (   China) 
", Approach (APR),Military,?,"Zhengzhou Air Base, China",,Send Correction / Feedback,Disclaimer,Copyright,Privacy Policy,,https://aviation-safety.net/database/record.php?id=20010104-1,,,,,,,,,,,,,,
,Thursday 4 January 2001,,Shaanxi Yunshuji Y-8,People's Liberation Army - Air Force - PLAAF, 31242, , ,,Fatalities:  / Occupants: ,Fatalities:  / Occupants: ,Fatalities: 8 / Occupants: 8 , Damaged beyond repair,,"near Zheng Zou Air Base (   China) 
", Approach (APR),Military,?,"Zhengzhou Air Base, China",,Send Correction / Feedback,Disclaimer,Copyright,Privacy Policy,,https://aviation-safety.net/database/record.php?id=20010104-0,,,,,,,,,,Fatalities: 6,,,,
,Wednesday 27 September 2000,,Boeing 737,China Xinhua Airlines, registration unknown, , ,,Fatalities: 0 / Occupants: ,Fatalities: 1 / Occupants: ,Fatalities: 1 / Occupants: 143 , Unknown,,"Jinan Airport (TNA) (   China) 
", En route (ENR),Domestic Scheduled Passenger,"Baotou Airport (BAV/ZBOW), China","Beijing-Capital International Airport (PEK/ZBAA), China",XW126,Send Correction / Feedback,Disclaimer,Copyright,Privacy Policy,,https://aviation-safety.net/database/record.php?id=20000927-1,,,,,,,,,,,,,,
Preliminary - official,Thursday 22 June 2000,14:51,Xian Yunshuji Y-7-100C,Wuhan Airlines, B-3479, 06708, 1988, 2 Harbin WJ-5A-1,Fatalities: 4 / Occupants: 4,Fatalities: 38 / Occupants: 38,Fatalities: 42 / Occupants: 42 , Destroyed, Written off (damaged beyond repair),"ca 25 km from Wuhan (   China) 
", Approach (APR),Domestic Scheduled Passenger,"Enshi Airport (ENH/ZHES), China","Wuhan Tianhe International Airport (WUH/ZHHH), China", 343,Send Correction / Feedback,Disclaimer,Copyright,Privacy Policy,,https://aviation-safety.net/database/record.php?id=20000622-0,,13900,11800,,,,,,,Fatalities: 7,,,,
Final,Wednesday 24 February 1999,16:34,Tupolev Tu-154M,China Southwest Airlines, B-2622, 90A846, 1990, 3 Soloviev D-30KU-154-II,Fatalities: 11 / Occupants: 11,Fatalities: 50 / Occupants: 50,Fatalities: 61 / Occupants: 61 , Destroyed, Written off (damaged beyond repair),"Ruian (   China) 
", Approach (APR),Domestic Scheduled Passenger,"Chengdu Airport (CTU/ZUUU), China","Wenzhou Yongqiang Airport (WNZ/ZSWZ), China",4509,Send Correction / Feedback,Disclaimer,Copyright,Privacy Policy,,https://aviation-safety.net/database/record.php?id=19990224-0,,14135,7748,,,,,,,,,,,
,Monday 22 December 1997,,Airbus A300?,China Eastern Airlines, registration unknown, , ,,Fatalities: 0 / Occupants: ,Fatalities: 1 / Occupants: ,Fatalities: 1 / Occupants:  , None,,"Xiamen Airport (XMN) (   China) 
", En route (ENR),Domestic Scheduled Passenger,"Shanghai-Hongqiao Airport (SHA/ZSSS), China","Xiamen Airport (XMN/ZSAM), China",MU5915,Send Correction / Feedback,Disclaimer,Copyright,Privacy Policy,,https://aviation-safety.net/database/record.php?id=19971222-2,,,,,,,,,,,,,,
Final,Thursday 8 May 1997,21:28,Boeing 737-31B,China Southern Airlines, B-2925, 27288/2577, 1994-01-28  (3 years 3 months), 2 CFMI CFM56-3B1,Fatalities: 2 / Occupants: 9,Fatalities: 33 / Occupants: 65,Fatalities: 35 / Occupants: 74 , Destroyed, Written off (damaged beyond repair),"Shenzhen Airport (SZX) (   China) 
", Landing (LDG),Domestic Scheduled Passenger,"Chongqing-Jiangbei International Airport (CKG/ZUCK), China","Shenzhen-Huangtian Airport (SZX/ZGSZ), China",3456,Send Correction / Feedback,Disclaimer,Copyright,Privacy Policy,,https://aviation-safety.net/database/record.php?id=19970508-0,,,,,,,,,,,,,,
Final,Friday 21 June 1996,17:04,Harbin Yunshuji Y-12 II,China Flying Dragon Aviation, B-3822, 0001, 1991, 2 Pratt & Whitney Canada PT6A-27,Fatalities: 1 / Occupants: 3,Fatalities: 1 / Occupants: 9,Fatalities: 2 / Occupants: 12 , Damaged beyond repair,,"near Changhai Airport (CNI) (   China) 
", Approach (APR),Domestic Scheduled Passenger,"Dalian Airport (DLC/ZYTL), China","Changhai Airport (CNI/ZYCH), China",,Send Correction / Feedback,Disclaimer,Copyright,Privacy Policy,,https://aviation-safety.net/database/record.php?id=19960621-0,,,,,,,,,,,,,,
,Monday 6 June 1994,08:22,Tupolev Tu-154M,China Northwest Airlines, B-2610, 86A740, 1986, 3 Soloviev D-30KU-154-II,Fatalities: 14 / Occupants: 14,Fatalities: 146 / Occupants: 146,Fatalities: 160 / Occupants: 160 , Destroyed, Written off (damaged beyond repair),"29 km (18.1 mls) SE of Xian-Xianyang International Airport (XIY) (   China) 
", En route (ENR),Domestic Scheduled Passenger,"Xian-Xianyang International Airport (XIY/ZLXY), China","Guangzhou-Baiyun Airport (CAN/ZGGG), China",WH2303,Send Correction / Feedback,Disclaimer,Copyright,Privacy Policy,,https://aviation-safety.net/database/record.php?id=19940606-1,,12507,6651,,,,,,,,,,,
,Saturday 13 November 1993,14:56,McDonnell Douglas DC-9-82 (MD-82),China Northern Airlines, B-2141, 49849/1772, 1991, 2 Pratt & Whitney JT8D-217A,Fatalities: 4 / Occupants: 10,Fatalities: 8 / Occupants: 92,Fatalities: 12 / Occupants: 102 , Damaged beyond repair,,"near Urumqi Airport (URC) (   China) 
", Approach (APR),Domestic Scheduled Passenger,"Beijing-Capital International Airport (PEK/ZBAA), China","Urumqi Airport (URC/ZWWW), China",6901,Send Correction / Feedback,Disclaimer,Copyright,Privacy Policy,,https://aviation-safety.net/database/record.php?id=19931113-0,,,,,,,,,,,,,,
,Tuesday 26 October 1993,13:04,McDonnell Douglas DC-9-82 (MD-82),China Eastern Airlines, B-2103, 49355/1224, 1985, 2 Pratt & Whitney JT8D-217A,Fatalities: 0 / Occupants: 9,Fatalities: 2 / Occupants: 71,Fatalities: 2 / Occupants: 80 , Damaged beyond repair,,"Fuzhou Yixu Airport (FOC) (   China) 
", Landing (LDG),Domestic Scheduled Passenger,"Shenzhen-Huangtian Airport (SZX/ZGSZ), China","Fuzhou Yixu Airport (FOC/ZSFZ), China",MU5398,Send Correction / Feedback,Disclaimer,Copyright,Privacy Policy,,https://aviation-safety.net/database/record.php?id=19931026-1,,,,,,,,,,,,,,
,Friday 23 July 1993,15:40,British Aerospace BAe-146-300,China Northwest Airlines, B-2716, E3215, 1992-12-05  (8 months), 4 Lycoming LF507-1H,Fatalities: 1 / Occupants: 5,Fatalities: 55 / Occupants: 108,Fatalities: 56 / Occupants: 113 , Damaged beyond repair,,"Yinchuan Airport (INC) (   China) 
", Takeoff (TOF),Domestic Scheduled Passenger,"Yinchuan Airport (JIC/ZLIC), China","Beijing-Capital International Airport (PEK/ZBAA), China",2119,Send Correction / Feedback,Disclaimer,Copyright,Privacy Policy,,https://aviation-safety.net/database/record.php?id=19930723-0,,,,,,,,,,,,,,
,Tuesday 24 November 1992,07:52,Boeing 737-3Y0,China Southern Airlines, B-2523, 24913/2052, 1991-05-10  (1 year 7 months), 2 CFMI CFM56-3B1,Fatalities: 10 / Occupants: 10,Fatalities: 131 / Occupants: 131,Fatalities: 141 / Occupants: 141 , Destroyed, Written off (damaged beyond repair),"20 km (12.5 mls) S of Guilin Airport (KWL) (   China) 
", Approach (APR),Domestic Non Scheduled Passenger,"Guangzhou-Baiyun Airport (CAN/ZGGG), China","Guilin-Qifengling Airport (KWL/ZGKL), China",CZ3943,Send Correction / Feedback,Disclaimer,Copyright,Privacy Policy,,https://aviation-safety.net/database/record.php?id=19921124-0,,4165,3153,,,,,,,,,,,
,Thursday 8 October 1992,15:31,Avia 14,Wuhan Airlines, B-4211, 108807113, 1958,,Fatalities: 5 / Occupants: 7,Fatalities: 9 / Occupants: 28,Fatalities: 14 / Occupants: 35 , Damaged beyond repair,,"near Dingxi (   China) 
", En route (ENR),Domestic Non Scheduled Passenger,"Lanzhou Airport (LHW/ZLLL), China","Xian-Xianyang International Airport (XIY/ZLXY), China",,Send Correction / Feedback,Disclaimer,Copyright,Privacy Policy,,https://aviation-safety.net/database/record.php?id=19921008-0,,,,,,,,,,,,,,
,Friday 31 July 1992,15:12,Yakovlev Yak-42D,China General Aviation Corp., B-2755, 4520422116644, 1991, 3 Lotarev D-36,Fatalities: 9 / Occupants: 10,Fatalities: 98 / Occupants: 116,Fatalities: 107 / Occupants: 126 , Destroyed, Written off (damaged beyond repair),"Nanking Airport (NKG) (   China) 
", Takeoff (TOF),Domestic Scheduled Passenger,"Nanjing Dajiaochang Airport (NKG/ZSNJ), China","Xiamen Airport (XMN/ZSAM), China",GP7552,Send Correction / Feedback,Disclaimer,Copyright,Privacy Policy,,https://aviation-safety.net/database/record.php?id=19920731-1,,,,,,,,,,,,, 15 m (49 feet) amsl ,
,Tuesday 2 October 1990,09:04,Boeing 757-21B,China Southern Airlines, B-2812, 24758/282, 1990-04-26  (5 months), 2 Rolls-Royce RB211-535E4,Fatalities: 0 / Occupants: 12,Fatalities: 46 / Occupants: 110,Fatalities: 46 / Occupants: 122 , Damaged beyond repair,,"Guangzhou-Baiyun Airport (CAN) (   China) 
", Standing (STD),Domestic Scheduled Passenger,"Guangzhou-Baiyun Airport (CAN/ZGGG), China","Shanghai-Hongqiao Airport (SHA/ZSSS), China",,Send Correction / Feedback,Disclaimer,Copyright,Privacy Policy,,https://aviation-safety.net/database/record.php?id=19901002-4,,,,,,,,,,,,,,Fatalities: 82
,Tuesday 2 October 1990,09:04,Boeing 737-247,Xiamen Airlines, B-2510, 23189/1072, 1984-12-07  (5 years 10 months), 2 Pratt & Whitney JT8D-17A,Fatalities: 7 / Occupants: 9,Fatalities: 75 / Occupants: 93,Fatalities: 82 / Occupants: 102 , Destroyed, Written off (damaged beyond repair),"Guangzhou-Baiyun Airport (CAN) (   China) 
", Landing (LDG),Domestic Scheduled Passenger,"Xiamen Airport (XMN/ZSAM), China","Guangzhou-Baiyun Airport (CAN/ZGGG), China",MF8301,Send Correction / Feedback,Disclaimer,Copyright,Privacy Policy,,https://aviation-safety.net/database/record.php?id=19901002-3,,,,,,,,,,,,,,Fatalities: 46
,Tuesday 15 August 1989,,Antonov An-24RV,China Eastern Airlines, B-3417, 37309006, 1973, 2 Ivchenko AI-24VT,Fatalities: 6 / Occupants: 6,Fatalities: 28 / Occupants: 34,Fatalities: 34 / Occupants: 40 , Damaged beyond repair,,"0,24 km (0.2 mls) from  Shanghai-Hongqiao Airport (SHA) (   China) 
", Takeoff (TOF),Domestic Scheduled Passenger,"Shanghai-Hongqiao Airport (SHA/ZSSS), China","Nanchang Xiangtang Airport (KHN), China",,Send Correction / Feedback,Disclaimer,Copyright,Privacy Policy,,https://aviation-safety.net/database/record.php?id=19890815-1,,,,,,,,,,,,,,
,Monday 24 April 1989,,Xian Yunshuji Y-7,China Eastern Airlines, registration unknown, , ,,Fatalities: 0 / Occupants: ,Fatalities: 1 / Occupants: ,Fatalities: 1 / Occupants:  , Unknown,,"Fuzhou Yixu Airport (FOC) (   China) 
", Standing (STD),Domestic Scheduled Passenger,"Ningbo Airport (NGB/ZSNB), China","Xiamen Airport (XMN/ZSAM), China",,Send Correction / Feedback,Disclaimer,Copyright,Privacy Policy,,https://aviation-safety.net/database/record.php?id=19890424-0,,,,,,,,,,,,,,
,Friday 7 October 1988,13:21,Ilyushin Il-14P,Shanxi Airlines, B-4218, 6341406, 1956,,Fatalities: 4 / Occupants: 4,Fatalities: 40 / Occupants: 44,Fatalities: 44 / Occupants: 48 , Destroyed, Written off (damaged beyond repair),"2 km (1.3 mls) N of Linfen Air Base (   China) 
", Initial climb (ICL),Domestic Non Scheduled Passenger,"Linfen Air Base, China","Linfen Air Base, China",,Send Correction / Feedback,Disclaimer,Copyright,Privacy Policy,,https://aviation-safety.net/database/record.php?id=19881007-0,,,,,,,,,,Fatalities: 2,,,,
,Monday 18 January 1988,22:17,Ilyushin Il-18D,China Southwest Airlines, B-222, 187009901, 1967, 4 Ivchenko AI-20M,Fatalities: 10 / Occupants: 10,Fatalities: 98 / Occupants: 98,Fatalities: 108 / Occupants: 108 , Destroyed, Written off (damaged beyond repair),"5,7 km (3.6 mls) NW of Chongqing Baishiyi Airport (   China) 
", Approach (APR),Domestic Scheduled Passenger,"Beijing-Capital International Airport (PEK/ZBAA), China","Chongqing Baishiyi Airport, China",4146,Send Correction / Feedback,Disclaimer,Copyright,Privacy Policy,,https://aviation-safety.net/database/record.php?id=19880118-3,,,,,,,,,,,,,,
,Monday 15 December 1986,,Antonov An-24RV,CAAC, B-3413, 37308907, 1973, 2 Ivchenko AI-24VT,Fatalities: 0 / Occupants: 7,Fatalities: 6 / Occupants: 37,Fatalities: 6 / Occupants: 44 , Damaged beyond repair,,"Lanzhou-Zhongchuan Airport (LHW) (   China) 
", Approach (APR),Domestic Scheduled Passenger,"Lanzhou-Zhongchuan Airport (LHW/ZLLL), China","Xian-Xiguan Airport (SIA/ZLXG), China",,Send Correction / Feedback,Disclaimer,Copyright,Privacy Policy,,https://aviation-safety.net/database/record.php?id=19861215-0,,,,,,,,,,,,,,
,Friday 18 January 1985,,Antonov An-24V,CAAC, B-434, 27308110, 1972,,Fatalities: 6 / Occupants: 6,Fatalities: 32 / Occupants: 35,Fatalities: 38 / Occupants: 41 , Damaged beyond repair,,"near Jinan Airport (TNA) (   China) 
", Approach (APR),Domestic Scheduled Passenger,"Nanjing Dajiaochang Airport (NKG/ZSNJ), China","Jinan Airport (TNA/ZSTN), China",5109,Send Correction / Feedback,Disclaimer,Copyright,Privacy Policy,,https://aviation-safety.net/database/record.php?id=19850118-0,,,,,,,,,,,,,,
,Wednesday 14 September 1983,09:34,Hawker Siddeley HS-121 Trident 2E,CAAC, B-264, 2169, 1975, 3 Rolls-Royce Spey 512,Fatalities: 0 / Occupants: 6,Fatalities: 11 / Occupants: 100,Fatalities: 11 / Occupants: 106 , Damaged beyond repair,,"Guilin Airport (KWL) (   China) 
", Taxi (TXI),Domestic Scheduled Passenger,"Guilin-Qifengling Airport (KWL/ZGKL), China","Beijing-Capital International Airport (PEK/ZBAA), China",,Send Correction / Feedback,Disclaimer,Copyright,Privacy Policy,,https://aviation-safety.net/database/record.php?id=19830914-0,,,,,,,,,,,,,,
,Monday 4 April 1983,,Beechcraft 200 Super King Air,Total, F-BVRP, BB-38, 1975, 2 Pratt & Whitney Canada PT6A-41,Fatalities: 3 / Occupants: 3,Fatalities: 5 / Occupants: 5,Fatalities: 8 / Occupants: 8 , Damaged beyond repair,,"near Guangzhou Baiyun International Airport (CAN) (   China) 
", Initial climb (ICL),Executive,"Guangzhou Baiyun International Airport (CAN/ZGGG), China","Hong Kong-Kai Tak International Airport (HKG/VHHH), Hong Kong",,Send Correction / Feedback,Disclaimer,Copyright,Privacy Policy,,https://aviation-safety.net/database/record.php?id=19830404-0,,,,,,,,,,,,,,
,Friday 24 December 1982,17:10,Ilyushin Il-18B,CAAC, B-202, 189001401, 1959,,Fatalities: 0 / Occupants: 11,Fatalities: 25 / Occupants: 58,Fatalities: 25 / Occupants: 69 , Damaged beyond repair,,"Guangzhou-Baiyun Airport (CAN) (   China) 
", Landing (LDG),Domestic Scheduled Passenger,"Changsha-Huanghua Airport (CSX/ZGHA), China","Guangzhou-Baiyun Airport (CAN/ZGGG), China",2311,Send Correction / Feedback,Disclaimer,Copyright,Privacy Policy,,https://aviation-safety.net/database/record.php?id=19821224-0,,,,,,,,,,,,,,
,Monday 26 April 1982,ca. 16:45,Hawker Siddeley HS-121 Trident 2E,CAAC, B-266, 2170, 1975, 3 Rolls-Royce Spey 512,Fatalities: 8 / Occupants: 8,Fatalities: 104 / Occupants: 104,Fatalities: 112 / Occupants: 112 , Destroyed, Written off (damaged beyond repair),"near Yangsuo (   China) 
", Approach (APR),Domestic Scheduled Passenger,"Guangzhou-Baiyun Airport (CAN/ZGGG), China","Guilin-Qifengling Airport (KWL/ZGKL), China",3303,Send Correction / Feedback,Disclaimer,Copyright,Privacy Policy,,https://aviation-safety.net/database/record.php?id=19820426-0,,,,,,,,,,,,,,
,Thursday 20 March 1980,,Antonov An-24RV,CAAC, B-484, 47309403, 1974, 2 Ivchenko AI-24VT,Fatalities: 7 / Occupants: 7,Fatalities: 19 / Occupants: 19,Fatalities: 26 / Occupants: 26 , Damaged beyond repair,,"near Changsha Airport (CSX) (   China) 
", Unknown (UNK),Domestic Scheduled Passenger,"Guiyang Airport (KWE/ZUGY), China","Changsha-Huanghua Airport (CSX/ZGHA), China",,Send Correction / Feedback,Disclaimer,Copyright,Privacy Policy,,https://aviation-safety.net/database/record.php?id=19800320-0,,,,,,,,,,,,,,
,Wednesday 14 March 1979,ca 08:52,Hawker Siddeley HS-121 Trident 2E,CAAC, B-274, 2172, 1976, 3 Rolls-Royce Spey 512,Fatalities: 12 / Occupants: 12,Fatalities: 0 / Occupants: 0,Fatalities: 12 / Occupants: 12 , Damaged beyond repair,,"Beijing (   China) 
", Initial climb (ICL),Training,"Beijing Xijiao Airport (ZBBB), China",?,,Send Correction / Feedback,Disclaimer,Copyright,Privacy Policy,,https://aviation-safety.net/database/record.php?id=19790314-1,,,,,,,,,,Fatalities: 32,,,,
,Wednesday 21 January 1976,,Antonov An-24RV,CAAC, B-492, 47309409, 1974,,Fatalities:  / Occupants: ,Fatalities:  / Occupants: ,Fatalities: 40 / Occupants: 40 , Damaged beyond repair,,"near Changsha-Huanghua Airport (CSX) (   China) 
", Approach (APR),Domestic Scheduled Passenger,"Guangzhou-Baiyun Airport (CAN/ZGGG), China","Changsha-Huanghua Airport (CSX/ZGHA), China",,Send Correction / Feedback,Disclaimer,Copyright,Privacy Policy,,https://aviation-safety.net/database/record.php?id=19760121-0,,,,,,,,,,,,,,
,Sunday 14 January 1973,,Ilyushin Il-14,CAAC, 644, , ,,Fatalities: 7 / Occupants: 7,Fatalities: 22 / Occupants: 22,Fatalities: 29 / Occupants: 29 , Damaged beyond repair,,"near Guiyang (   China) 
", Unknown (UNK),Passenger,?,?,,Send Correction / Feedback,Disclaimer,Copyright,Privacy Policy,,https://aviation-safety.net/database/record.php?id=19730114-0,,,,,,,,,,,,,,
,Thursday 11 June 1964,,Lockheed RB-69A Neptune,Republic of China Air Force - ROCAF, 54-4037, 726-7047, ,,Fatalities: 13 / Occupants: 13,Fatalities: 0 / Occupants: 0,Fatalities: 13 / Occupants: 13 , Damaged beyond repair,,"near Yantai, Shantung Peninsula (   China) 
", En route (ENR),Military,?,?,,Send Correction / Feedback,Disclaimer,Copyright,Privacy Policy,,https://aviation-safety.net/database/record.php?id=19640611-2,,,,,,,,,,,,,,
,Wednesday 19 June 1963,,Lockheed RB-69A Neptune,Republic of China Air Force - ROCAF, 54-4041, 726-7105, ,,Fatalities: 14 / Occupants: 14,Fatalities: 0 / Occupants: 0,Fatalities: 14 / Occupants: 14 , Damaged beyond repair,,"Linchuan, Jiangxi (   China) 
", En route (ENR),Military,?,?,,Send Correction / Feedback,Disclaimer,Copyright,Privacy Policy,,https://aviation-safety.net/database/record.php?id=19630619-0,,,,,,,,,,,,,,
,Monday 10 June 1963,,Douglas C-47A-40-DL (DC-3),Union of Burma Airways, XY-ACS, 9877, 1944, 2 Pratt & Whitney R-1830-92,Fatalities: 5 / Occupants: 5,Fatalities: 15 / Occupants: 15,Fatalities: 20 / Occupants: 20 , Damaged beyond repair,,"Mt. Kaolokung (   China) 
", Unknown (UNK),Domestic Scheduled Passenger,"Yangon-Mingaladon Airport (RGN/VYYY), Myanmar","Putao Airport (PBU/VYPT), Myanmar",,Send Correction / Feedback,Disclaimer,Copyright,Privacy Policy,,https://aviation-safety.net/database/record.php?id=19630610-0,,,,,,,,,,,,,,
,Monday 8 January 1962,,Lockheed RB-69A Neptune,Republic of China Air Force - ROCAF, 54-4038, 726-7097, ,,Fatalities: 14 / Occupants: 14,Fatalities: 0 / Occupants: 0,Fatalities: 14 / Occupants: 14 , Damaged beyond repair,,"Korea Bay (   China) 
", En route (ENR),Military,?,?,,Send Correction / Feedback,Disclaimer,Copyright,Privacy Policy,,https://aviation-safety.net/database/record.php?id=19620108-0,,,,,,,,,,,,,,
,Monday 6 November 1961,,Lockheed RB-69A Neptune,Republic of China Air Force - ROCAF, 54-4039, 726-7099, ,,Fatalities: 14 / Occupants: 14,Fatalities: 0 / Occupants: 0,Fatalities: 14 / Occupants: 14 , Damaged beyond repair,,"Shantung Province (   China) 
", En route (ENR),Military,?,?,,Send Correction / Feedback,Disclaimer,Copyright,Privacy Policy,,https://aviation-safety.net/database/record.php?id=19611106-0,,,,,,,,,,,,,,
Preliminary,Tuesday 26 September 1961,,Shijiazhuang Y-5,CAAC, 18188, , ,,Fatalities: 5 / Occupants: 5,Fatalities: 10 / Occupants: 10,Fatalities: 15 / Occupants: 15 , Damaged beyond repair,,"Qinglongshan, Henan Province (   China) 
", En route (ENR),Passenger,?,?,,Send Correction / Feedback,Disclaimer,Copyright,Privacy Policy,,https://aviation-safety.net/database/record.php?id=19610926-0,,,,,,,,,,,,,,
,Saturday 5 April 1958,,Ilyushin Il-14,CAAC, 632, , ,,Fatalities: 5 / Occupants: 5,Fatalities: 9 / Occupants: 9,Fatalities: 14 / Occupants: 14 , Damaged beyond repair,,"70 km (43.8 mls) from  Xi'an (   China) 
", En route (ENR),Domestic Scheduled Passenger,"Chengdu Airport (CTU/ZUUU), China","Beijing-Capital International Airport (PEK/ZBAA), China",,Send Correction / Feedback,Disclaimer,Copyright,Privacy Policy,,https://aviation-safety.net/database/record.php?id=19580405-0,,,,,,,,,,,,,,
,Friday 23 July 1954,ca 09:00,Douglas C-54A-10-DC (DC-4),Cathay Pacific Airways, VR-HEU, 10310, 1944,,Fatalities: 2 / Occupants: 5,Fatalities: 8 / Occupants: 13,Fatalities: 10 / Occupants: 18 , Damaged beyond repair,,"off Hainan Island (   China) 
", En route (ENR),International Scheduled Passenger,"Bangkok-Don Muang International Airport (BKK/VTBD), Thailand","Hong Kong-Kai Tak International Airport (HKG/VHHH), Hong Kong",,Send Correction / Feedback,Disclaimer,Copyright,Privacy Policy,,https://aviation-safety.net/database/record.php?id=19540723-0,,15279,,,,,,,,,,,,
,Monday 27 July 1953,ca 12:30,Ilyushin Il-12,Soviet Navy, registration unknown, , ,,Fatalities: 6 / Occupants: 6,Fatalities: 15 / Occupants: 15,Fatalities: 21 / Occupants: 21 , Damaged beyond repair,,"4 km (2.5 mls) from  Mao-erh-shan (   China) 
", En route (ENR),Military,"Port Artur, China","Vladivostok Airport (VVO/UHWW), Russia",,Send Correction / Feedback,Disclaimer,Copyright,Privacy Policy,,https://aviation-safety.net/database/record.php?id=19530727-0,,,,,,,,,,,,,,
,Sunday 18 January 1953,,Martin PBM-5G Mariner,United States Coast Guard, 84738, , ,,Fatalities: 5 / Occupants: 8,Fatalities: 4 / Occupants: 11,Fatalities: 9 / Occupants: 19 , Damaged beyond repair,,"off Shantou [Formosa Strait] (   China) 
", Takeoff (TOF),Military,"Sangley Point NAS (NSP/RPLS), Philippines",?,,Send Correction / Feedback,Disclaimer,Copyright,Privacy Policy,,https://aviation-safety.net/database/record.php?id=19530118-1,,,,,,,,,,,,,,
,Sunday 18 January 1953,,Lockheed P2V-5 Neptune,United States Navy, 127744, 426-5078, ,,Fatalities: 2 / Occupants: 13,Fatalities: 0 / Occupants: 0,Fatalities: 2 / Occupants: 13 , Damaged beyond repair,,"off Shantou [Formosa Strait] (   China) 
", En route (ENR),Military,"Okinawa-Naha NAS (OKA/ROAH), Japan","Okinawa-Naha NAS (OKA/ROAH), Japan",,Send Correction / Feedback,Disclaimer,Copyright,Privacy Policy,,https://aviation-safety.net/database/record.php?id=19530118-0,,,,,,,,,,,,,,
,Saturday 29 November 1952,,Douglas C-47 (DC-3),Civil Air Transport, registration unknown, , ,,Fatalities: 2 / Occupants: 4,Fatalities: 0 / Occupants: 0,Fatalities: 2 / Occupants: 4 , Damaged beyond repair,,"within Jilin province (   China) 
", Unknown (UNK),Military,?,?,,Send Correction / Feedback,Disclaimer,Copyright,Privacy Policy,,https://aviation-safety.net/database/record.php?id=19521129-0,,,,,,,,,,,,,,
,Saturday 10 December 1949,,Curtiss C-46D-20-CU Commando,Civil Air Transport, XT-814, 22347, 1945,,Fatalities: 5 / Occupants: 5,Fatalities: 12 / Occupants: 35,Fatalities: 17 / Occupants: 40 , Damaged beyond repair,,"Haikou (   China) 
", Unknown (UNK),Domestic Non Scheduled Passenger,"Chengdu Airport (CTU/ZUUU), China","Haikou Airport (HAK/ZGHK), China",,Send Correction / Feedback,Disclaimer,Copyright,Privacy Policy,,https://aviation-safety.net/database/record.php?id=19491210-0,,,,,,,,,,,,,,
,Friday 9 December 1949,,Curtiss C-46D-20-CU Commando,Civil Air Transport, XT-820, 22354, 1945,,Fatalities:  / Occupants: ,Fatalities:  / Occupants: ,Fatalities: 38 / Occupants: 38 , Damaged beyond repair,,"near Lanzhou (   China) 
", Unknown (UNK),Passenger,?,?,,Send Correction / Feedback,Disclaimer,Copyright,Privacy Policy,,https://aviation-safety.net/database/record.php?id=19491209-0,,,,,,,,,,,,,,
,Thursday 2 June 1949,,Curtiss C-46 Commando,Central Air Transport, XT-520, , ,,Fatalities: 3 / Occupants: 3,Fatalities: 0 / Occupants: 0,Fatalities: 3 / Occupants: 3 , Damaged beyond repair,,"320 km (200 mls) N of Chongqing (   China) 
", Unknown (UNK),Unknown,"Guangzhou-Baiyun Airport (CAN/ZGGG), China","Chongqing-Jiangbei International Airport (CKG/ZUCK), China",,Send Correction / Feedback,Disclaimer,Copyright,Privacy Policy,,https://aviation-safety.net/database/record.php?id=19490602-0,,,,,,,,,,,,,,
,Friday 24 December 1948,,Douglas C-47 (DC-3),Republic of China Air Force, registration unknown, , ,,Fatalities:  / Occupants: ,Fatalities:  / Occupants: ,Fatalities: 5 / Occupants: 5 , Damaged beyond repair,,"SE of Fuzhou (   China) 
", En route (ENR),Military,"Hankou, China","Fuzhou Yixu Air Base, China",,Send Correction / Feedback,Disclaimer,Copyright,Privacy Policy,,https://aviation-safety.net/database/record.php?id=19481224-4,,,,,,,,,,,,,,
,Sunday 5 December 1948,,Curtiss C-46 Commando,Central Air Transport, XT-538, , ,,Fatalities: 2 / Occupants: 3,Fatalities: 7 / Occupants: 37,Fatalities: 9 / Occupants: 40 , Damaged beyond repair,,"Kiangwan (   China) 
", Unknown (UNK),Domestic Scheduled Passenger,"Chengdu Airport (CTU/ZUUU), China","Shanghai (unknown airport), China",,Send Correction / Feedback,Disclaimer,Copyright,Privacy Policy,,https://aviation-safety.net/database/record.php?id=19481205-0,,,,,,,,,,,,,,
,Thursday 29 July 1948,,Curtiss C-46D-20-CU Commando,Civil Air Transport, XT-822, 22355, 1945,,Fatalities: 3 / Occupants: 3,Fatalities: 16 / Occupants: 16,Fatalities: 19 / Occupants: 19 , Damaged beyond repair,,"Qingdao Airport (TAO) (   China) 
", Initial climb (ICL),Domestic Scheduled Passenger,"Qingdao Airport (TAO/ZSQD), China","Jinan Airport (TNA/ZSTN), China",,Send Correction / Feedback,Disclaimer,Copyright,Privacy Policy,,https://aviation-safety.net/database/record.php?id=19480729-0,,,,,,,,,,,,,,
,Friday 16 July 1948,,Consolidated PBY-5A Catalina,Cathay Pacific Airways, VR-HDT, , ,,Fatalities: 3 / Occupants: 3,Fatalities: 22 / Occupants: 23,Fatalities: 25 / Occupants: 26 , Damaged beyond repair,,"ca 6 km NE off Kau Chau Island (   China) 
", En route (ENR),International Scheduled Passenger,"Porto Exterior Seaplane Base, Macau","Hong Kong-Kai Tak International Airport (HKG/VHHH), Hong Kong",,Send Correction / Feedback,Disclaimer,Copyright,Privacy Policy,,https://aviation-safety.net/database/record.php?id=19480716-0,Macau Air Transport Company - MATCO,,,,,,,,,,,,,
,Tuesday 20 January 1948,,Curtiss C-46 Commando,China National Aviation Corporation - CNAC, registration unknown, , ,,Fatalities:  / Occupants: ,Fatalities:  / Occupants: ,Fatalities: 11 / Occupants: 54 , Damaged beyond repair,,"Mukden Airport (SHE) (   China) 
", Takeoff (TOF),Domestic Non Scheduled Passenger,"Mukden Airport (SHE/ZYTK), China","Beijing-Nanyuan Airport (NAY/ZBNY), China",,Send Correction / Feedback,Disclaimer,Copyright,Privacy Policy,,https://aviation-safety.net/database/record.php?id=19480120-0,,,,,,,,,,,,,,
,Saturday 6 December 1947,,Curtiss C-46 Commando,Republic of China Air Force, registration unknown, , ,,Fatalities:  / Occupants: ,Fatalities:  / Occupants: ,Fatalities: 10 / Occupants: 40 , Damaged beyond repair,,"near Chongqing Airport (   China) 
", Initial climb (ICL),Military,"Chongqing Baishiyi Air Base, China",?,,Send Correction / Feedback,Disclaimer,Copyright,Privacy Policy,,https://aviation-safety.net/database/record.php?id=19471206-0,,,,,,,,,,,,,,
,Monday 27 October 1947,ca 12:00,Douglas DC-3,China National Aviation Corporation - CNAC, registration unknown, , ,,Fatalities: 2 / Occupants: 3,Fatalities: 0 / Occupants: 0,Fatalities: 2 / Occupants: 3 , Damaged beyond repair,,"near Yulin (   China) 
", Unknown (UNK),Cargo,?,"Yulin Airport (UYN/ZLYL), China",,Send Correction / Feedback,Disclaimer,Copyright,Privacy Policy,,https://aviation-safety.net/database/record.php?id=19471027-0,,,,,,,,,,,,,,
,Friday 17 October 1947,,Douglas DC-3,Civil Air Transport, registration unknown, , ,,Fatalities: 3 / Occupants: 3,Fatalities: 0 / Occupants: 0,Fatalities: 3 / Occupants: 3 , Damaged beyond repair,,"48 km (30 mls) SW of Baoding (   China) 
", Unknown (UNK),Cargo,"Shijiazhuang-Daguocun Airport (SJW/ZBSJ), China","Peiping, China",,Send Correction / Feedback,Disclaimer,Copyright,Privacy Policy,,https://aviation-safety.net/database/record.php?id=19471017-1,,,,,,,,,,,,,,
,Thursday 31 July 1947,,Douglas C-47 (DC-3),Republic of China Air Force, registration unknown, , ,,Fatalities:  / Occupants: ,Fatalities:  / Occupants: ,Fatalities: 26 / Occupants: 26 , Damaged beyond repair,,"within Yumen province (   China) 
", En route (ENR),Military,"Ti-hua, China","Lanzhou Airport (LHW/ZLLL), China",,Send Correction / Feedback,Disclaimer,Copyright,Privacy Policy,,https://aviation-safety.net/database/record.php?id=19470731-0,,,,,,,,,,,,,,
,Friday 25 April 1947,,unknown,China National Aviation Corporation - CNAC, ..-141, , ,,Fatalities: 0 / Occupants: 2,Fatalities: 0 / Occupants: 0,Fatalities: 0 / Occupants: 2 , Damaged beyond repair,,"Shanghei-Lungwha Airport (   China) 
", Initial climb (ICL),Cargo,?,?,,Send Correction / Feedback,Disclaimer,Copyright,Privacy Policy,,https://aviation-safety.net/database/record.php?id=19470425-0,,,,,,,,,,Fatalities: 3,,,,
,Friday 21 February 1947,,Douglas C-47 (DC-3),Republic of China Air Force, registration unknown, , ,,Fatalities:  / Occupants: ,Fatalities:  / Occupants: ,Fatalities: 21 / Occupants: 21 , Damaged beyond repair,,"near Chongqing (   China) 
", Unknown (UNK),Military,"Sichang, China","Peishiyi Airfield, China",,Send Correction / Feedback,Disclaimer,Copyright,Privacy Policy,,https://aviation-safety.net/database/record.php?id=19470221-0,,,,,,,,,,,,,,
,Thursday 6 February 1947,,Douglas C-47 (DC-3),Republic of China Air Force, registration unknown, , ,,Fatalities:  / Occupants: ,Fatalities:  / Occupants: ,Fatalities: 9 / Occupants: 11 , Damaged beyond repair,,"near Chongqing Airport (CKG) (   China) 
", Unknown (UNK),Military,"Xian-Xiguan Airport (SIA/ZLXG), China","Chongqing-Jiangbei International Airport (CKG/ZUCK), China",,Send Correction / Feedback,Disclaimer,Copyright,Privacy Policy,,https://aviation-safety.net/database/record.php?id=19470206-1,,,,,,,,,,,,,,
,Tuesday 28 January 1947,,Curtiss C-46 Commando,China National Aviation Corporation - CNAC, registration unknown, , ,,Fatalities: 2 / Occupants: 2,Fatalities: 23 / Occupants: 24,Fatalities: 25 / Occupants: 26 , Damaged beyond repair,,"near Hankou (   China) 
", En route (ENR),Domestic Scheduled Passenger,"Hankou, China","Chongqing-Jiangbei International Airport (CKG/ZUCK), China",,Send Correction / Feedback,Disclaimer,Copyright,Privacy Policy,,https://aviation-safety.net/database/record.php?id=19470128-0,,,,,,,,,,,,,,
,Saturday 25 January 1947,,Douglas DC-3,China National Aviation Corporation - CNAC, 138, , ,,Fatalities: 3 / Occupants: 3,Fatalities: 16 / Occupants: 16,Fatalities: 19 / Occupants: 19 , Damaged beyond repair,,"190 km (118.8 mls) S of Chongqing (   China) 
", En route (ENR),Domestic Scheduled Passenger,"Guangzhou-Baiyun Airport (CAN/ZGGG), China","Chongqing-Jiangbei International Airport (CKG/ZUCK), China",,Send Correction / Feedback,Disclaimer,Copyright,Privacy Policy,,https://aviation-safety.net/database/record.php?id=19470125-2,,,,,,,,,,,,,,
,Sunday 5 January 1947,,Curtiss C-46 Commando,China National Aviation Corporation - CNAC, XT-T51/121, , ,,Fatalities: 5 / Occupants: 5,Fatalities: 38 / Occupants: 38,Fatalities: 43 / Occupants: 43 , Destroyed, Written off (damaged beyond repair),"W of Qingdao (   China) 
", Approach (APR),Domestic Scheduled Passenger,"Shanghai (unknown airport), China","Qingdao Airport (TAO/ZSQD), China",,Send Correction / Feedback,Disclaimer,Copyright,Privacy Policy,,https://aviation-safety.net/database/record.php?id=19470105-1,,,,,,,,,,,,,,
,Wednesday 25 December 1946,,Douglas C-47 (DC-3),Central Air Transport, 48, , ,,Fatalities: 4 / Occupants: 4,Fatalities: 7 / Occupants: 7,Fatalities: 11 / Occupants: 11 , Damaged beyond repair,,"3 km (1.9 mls) N of Shanghai-Jiangwan Airport (   China) 
", Approach (APR),Domestic Scheduled Passenger,"Chongqing-Jiangbei International Airport (CKG/ZUCK), China","Shanghai-Jiangwan Airport, China",,Send Correction / Feedback,Disclaimer,Copyright,Privacy Policy,,https://aviation-safety.net/database/record.php?id=19461225-3,,,,,,,,,,Fatalities: 1,,,,
,Wednesday 25 December 1946,ca 22:00,Curtiss C-46 Commando,China National Aviation Corporation - CNAC, 115, , ,,Fatalities: 1 / Occupants: 3,Fatalities: 30 / Occupants: 33,Fatalities: 31 / Occupants: 36 , Damaged beyond repair,,"Shanghai-Longhua Airport (   China) 
", Approach (APR),Domestic Scheduled Passenger,"Chongqing-Jiangbei International Airport (CKG/ZUCK), China","Shanghai/Longhua (ZSSL), China",,Send Correction / Feedback,Disclaimer,Copyright,Privacy Policy,,https://aviation-safety.net/database/record.php?id=19461225-1,,,,,,,,,,,,,,
,Wednesday 25 December 1946,ca 20:00,Douglas C-47 (DC-3),China National Aviation Corporation - CNAC, 140, , ,,Fatalities: 2 / Occupants: 3,Fatalities: 17 / Occupants: 27,Fatalities: 19 / Occupants: 30 , Damaged beyond repair,,"Shanghai-Jiangwan Airport (   China) 
", Approach (APR),Domestic Scheduled Passenger,"Chongqing-Jiangbei International Airport (CKG/ZUCK), China","Shanghai-Jiangwan Airport, China",,Send Correction / Feedback,Disclaimer,Copyright,Privacy Policy,,https://aviation-safety.net/database/record.php?id=19461225-0,,,,,,,,,,,,,,
,Monday 16 December 1946,,Douglas DC-3,China National Aviation Corporation - CNAC, registration unknown, , ,,Fatalities:  / Occupants: ,Fatalities:  / Occupants: ,Fatalities: 5 / Occupants: 5 , Damaged beyond repair,,"Shanghai-Longhua Airport (   China) 
", Unknown (UNK),Unknown,?,?,,Send Correction / Feedback,Disclaimer,Copyright,Privacy Policy,,https://aviation-safety.net/database/record.php?id=19461216-0,,,,,,,,,,,,,,
,Friday 20 September 1946,,unknown,China National Aviation Corporation - CNAC, registration unknown, , ,,Fatalities: 3 / Occupants: 3,Fatalities: 28 / Occupants: 28,Fatalities: 31 / Occupants: 31 , Damaged beyond repair,,"near Xichang, Sichuan Province (   China) 
", En route (ENR),Passenger,"Xichang Airport (XIC/ZUXC), China",?,,Send Correction / Feedback,Disclaimer,Copyright,Privacy Policy,,https://aviation-safety.net/database/record.php?id=19460920-0,,,,,,,,,,,,,,
,Saturday 13 July 1946,,Curtiss C-46 Commando,Central Air Transport, registration unknown, , ,,Fatalities: 2 / Occupants: ,Fatalities: 11 / Occupants: ,Fatalities: 13 / Occupants: 49 , Damaged beyond repair,,"1,6 km (1 mls) from  Jinan Airport (TNA) (   China) 
", Initial climb (ICL),Domestic Scheduled Passenger,"Jinan Airport (TNA/ZSTN), China",?,,Send Correction / Feedback,Disclaimer,Copyright,Privacy Policy,,https://aviation-safety.net/database/record.php?id=19460713-0,,,,,,,,,,,,,,
,Monday 8 April 1946,,Douglas C-47B-1-DL (DC-3),United States Army Air Force - USAAF, 43-16360, 20826, 1944, 2 Pratt & Whitney R-1830-90C,Fatalities: 4 / Occupants: 4,Fatalities: 13 / Occupants: 13,Fatalities: 17 / Occupants: 17 , Damaged beyond repair,,"near Shensi (   China) 
", En route (ENR),Passenger,"Chongqing-Jiangbei International Airport (CKG/ZUCK), China","Yan'an Ershilipu Airport (ENY/ZLYA), China",,Send Correction / Feedback,Disclaimer,Copyright,Privacy Policy,,https://aviation-safety.net/database/record.php?id=19460408-0,,,,,,,,,,,,,,
,Sunday 17 March 1946,,Douglas C-47 (DC-3),Republic of China Air Force, registration unknown, , ,,Fatalities:  / Occupants: ,Fatalities:  / Occupants: ,Fatalities: 20 / Occupants: 20 , Damaged beyond repair,,"Nanjing (   China) 
", Unknown (UNK),Military,?,?,,Send Correction / Feedback,Disclaimer,Copyright,Privacy Policy,,https://aviation-safety.net/database/record.php?id=19460317-0,,,,,,,,,,,,,,
,Tuesday 29 January 1946,,Curtiss C-46D-15-CU Commando,United States Army Air Force - USAAF, 44-78226, 33622, 1945,,Fatalities: 4 / Occupants: 4,Fatalities: 8 / Occupants: 8,Fatalities: 12 / Occupants: 12 , Damaged beyond repair,,"5 km (3.1 mls) N of Lo-tien-Chen (   China) 
", Unknown (UNK),Military,"Jinan Airport (TNA/ZSTN), China","Shanghai-Jiangwan Airport, China",,Send Correction / Feedback,Disclaimer,Copyright,Privacy Policy,,https://aviation-safety.net/database/record.php?id=19460129-1,,,,,,,,,,,,,,
,Saturday 26 January 1946,,Douglas C-47 (DC-3),United States Army Air Force - USAAF, registration unknown, , ,,Fatalities:  / Occupants: ,Fatalities:  / Occupants: ,Fatalities: 4 / Occupants: 4 , Damaged beyond repair,,"near Nanking (Nanjing) (   China) 
", Approach (APR),Military,?,?,,Send Correction / Feedback,Disclaimer,Copyright,Privacy Policy,,https://aviation-safety.net/database/record.php?id=19460126-1,,,,,,,,,,,,,,
,Wednesday 9 January 1946,,Douglas C-47 (DC-3),Republic of China Air Force, registration unknown, , ,,Fatalities:  / Occupants: ,Fatalities:  / Occupants: ,Fatalities: 18 / Occupants: 18 , Damaged beyond repair,,"Changchun (   China) 
", Unknown (UNK),Military,?,?,,Send Correction / Feedback,Disclaimer,Copyright,Privacy Policy,,https://aviation-safety.net/database/record.php?id=19460109-0,,,,,,,,,,,,,,
,Tuesday 30 October 1945,ca 19:15,Curtiss C-46A-60-CK Commando,United States Army Air Force - USAAF, 43-47228, 299, 1945, 2 Pratt & Whitney R-2800-51,Fatalities: 3 / Occupants: 4,Fatalities: 42 / Occupants: 46,Fatalities: 45 / Occupants: 50 , Damaged beyond repair,,"near Zhijiang (   China) 
", En route (ENR),Military,"Huaihua Zhijiang Airport (HJJ/ZGCJ), China","Shanghai (unknown airport), China",,Send Correction / Feedback,Disclaimer,Copyright,Privacy Policy,,https://aviation-safety.net/database/record.php?id=19451030-1,,,,,,,,,,,,,,
,Saturday 20 October 1945,,Douglas DC-3C,China National Aviation Corporation - CNAC, 104, 20868, 1944,,Fatalities: 6 / Occupants: 6,Fatalities: 7 / Occupants: 7,Fatalities: 13 / Occupants: 13 , Damaged beyond repair,,"20 km (12.5 mls) NE of Suichang (   China) 
", En route (ENR),Passenger,"Shanghai (unknown airport), China","Hong Kong-Kai Tak International Airport (HKG/VHHH), Hong Kong",,Send Correction / Feedback,Disclaimer,Copyright,Privacy Policy,,https://aviation-safety.net/database/record.php?id=19451020-3,,,,,,,,,,Fatalities: 7,,,,
,Friday 12 October 1945,ca 11:30,Curtiss C-46F-1-CU Commando,United States Army Air Force - USAAF, 44-78591, 22414, 1945,,Fatalities: 4 / Occupants: 4,Fatalities: 55 / Occupants: 55,Fatalities: 59 / Occupants: 59 , Damaged beyond repair,,"25 km (15.6 mls) WNW Beijing-Nanyuan Airport (NAY) (   China) 
", Approach (APR),Military,"Hankou, China","Beijing-Nanyuan Airport (NAY/ZBNY), China",,Send Correction / Feedback,Disclaimer,Copyright,Privacy Policy,,https://aviation-safety.net/database/record.php?id=19451012-0,,,,,,,,,,,,,,
,Friday 5 October 1945,,Douglas C-47B-20-DK (DC-3),United States Army Air Force - USAAF, 43-49646, 26907/15462, 1945, 2 Pratt & Whitney R-1830-90C,Fatalities: 4 / Occupants: 4,Fatalities: 2 / Occupants: 2,Fatalities: 6 / Occupants: 6 , Missing, Presumed damaged beyond repair,"between Kunming and Hankou (   China) 
", En route (ENR),Military,"Kunming-Wujiaba Airfield (KMG/ZPPP), China","Hankou, China",,Send Correction / Feedback,Disclaimer,Copyright,Privacy Policy,,https://aviation-safety.net/database/record.php?id=19451005-1,,,,,,,,,,,,,,
,Saturday 29 September 1945,,Douglas C-47B-1-DL (DC-3),United States Army Air Force - USAAF, 43-16422, 20888, 1944, 2 Pratt & Whitney R-1830-90C,Fatalities:  / Occupants: ,Fatalities:  / Occupants: ,Fatalities: 3 / Occupants:  , Damaged beyond repair,,"75 km (46.9 mls) S of Hsian (   China) 
", Unknown (UNK),Military,?,?,,Send Correction / Feedback,Disclaimer,Copyright,Privacy Policy,,https://aviation-safety.net/database/record.php?id=19450929-1,,,,,,,,,,,,,,
,Friday 28 September 1945,,Douglas C-47B-1-DL (DC-3),United States Army Air Force - USAAF, 43-16350, 20816, 1944, 2 Pratt & Whitney R-1830-90C,Fatalities: 4 / Occupants: 4,Fatalities: 2 / Occupants: 2,Fatalities: 6 / Occupants: 6 , Damaged beyond repair,,"between Liangshan and Peishiyi (   China) 
", En route (ENR),Military,"Xian-Xiguan Airport (SIA/ZLXG), China","Liangping Airport (LIA/ZULP), China",,Send Correction / Feedback,Disclaimer,Copyright,Privacy Policy,,https://aviation-safety.net/database/record.php?id=19450928-3,,,,,,,,,,,,,,
,Friday 28 September 1945,,Curtiss C-46D-5-CU Commando,United States Army Air Force - USAAF, 42-101183, 30638, 1944,,Fatalities:  / Occupants: ,Fatalities:  / Occupants: ,Fatalities: 20 / Occupants:  , Damaged beyond repair,,"32 km (20 mls) SE of Chihkiang (   China) 
", Unknown (UNK),Military,?,?,,Send Correction / Feedback,Disclaimer,Copyright,Privacy Policy,,https://aviation-safety.net/database/record.php?id=19450928-0,,,,,,,,,,,,,,
,Tuesday 11 September 1945,,Douglas C-54G-5-DO (DC-4),United States Army Air Force - USAAF, 45-526, 35979/DO373, ,,Fatalities:  / Occupants: ,Fatalities:  / Occupants: ,Fatalities: 4 / Occupants:  , Damaged beyond repair,,"13 km (8.1 mls) SW of Linan (   China) 
", Unknown (UNK),Military,?,?,,Send Correction / Feedback,Disclaimer,Copyright,Privacy Policy,,https://aviation-safety.net/database/record.php?id=19450911-6,,,,,,,,,,,,,,
,Saturday 21 July 1945,,Curtiss C-46D-15-CU Commando,United States Army Air Force - USAAF, 44-78306, 33702, 1945,,Fatalities:  / Occupants: ,Fatalities:  / Occupants: ,Fatalities: 1 / Occupants: 4 , Damaged beyond repair,,"Tsingching (   China) 
", Takeoff (TOF),Military,?,?,,Send Correction / Feedback,Disclaimer,Copyright,Privacy Policy,,https://aviation-safety.net/database/record.php?id=19450721-1,,,,,,,,,,,,,,
,Monday 16 July 1945,,Douglas C-47A-90-DL (DC-3),United States Army Air Force - USAAF, 43-15885, 20351, 1944, 2 Pratt & Whitney R-1830-92,Fatalities: 1 / Occupants: 5,Fatalities: 0 / Occupants: 0,Fatalities: 1 / Occupants: 5 , Damaged beyond repair,,"near Mengsa (   China) 
", En route (ENR),Military,"Luliang Airstrip, China",?,,Send Correction / Feedback,Disclaimer,Copyright,Privacy Policy,,https://aviation-safety.net/database/record.php?id=19450716-0,,,,,,,,,,,,,,
,Friday 6 July 1945,,Curtiss C-46A-55-CK Commando,United States Army Air Force - USAAF, 43-47126, 197, 1945, 2 Pratt & Whitney R-2800-51,Fatalities: 4 / Occupants: 4,Fatalities: 0 / Occupants: 0,Fatalities: 4 / Occupants: 4 , Damaged beyond repair,,"near Luliang (   China) 
", Initial climb (ICL),Military,"Luliang Airstrip, China",?,,Send Correction / Feedback,Disclaimer,Copyright,Privacy Policy,,https://aviation-safety.net/database/record.php?id=19450706-0,,,,,,,,,,,,,,
,Wednesday 4 July 1945,,Douglas C-54B-1-DC (DC-4),United States Army Air Force - USAAF, 42-72370, 10475, 1944,,Fatalities:  / Occupants: ,Fatalities:  / Occupants: ,Fatalities:  / Occupants:  , Missing, Presumed damaged beyond repair,"near Kunming (   China) 
", Unknown (UNK),Military,?,?,,Send Correction / Feedback,Disclaimer,Copyright,Privacy Policy,,https://aviation-safety.net/database/record.php?id=19450704-0,,,,,,,,,,,,,,
,Saturday 30 June 1945,,Curtiss C-46A-50-CU Commando,United States Army Air Force - USAAF, 42-101062, 30517, 1944, 2 Pratt & Whitney R-2800-51,Fatalities: 3 / Occupants: 3,Fatalities: 0 / Occupants: 0,Fatalities: 3 / Occupants: 3 , Missing, Presumed damaged beyond repair,"between Mohanbari and Chanyi (   China) 
", En route (ENR),Military,"Mohanbari Air Base (MOH/VEMN), India","Chanyi Airport, China",,Send Correction / Feedback,Disclaimer,Copyright,Privacy Policy,,https://aviation-safety.net/database/record.php?id=19450630-1,,,,,,,,,,,,,,
,Friday 15 June 1945,,Douglas C-47A-45-DL (DC-3),China National Aviation Corporation - CNAC, 81, 9955, 1943,,Fatalities: 3 / Occupants: 3,Fatalities: 0 / Occupants: 0,Fatalities: 3 / Occupants: 3 , Missing, Presumed damaged beyond repair,"at an unknown location (   China) 
", En route (ENR),Cargo,"Yunnanyi Airport, China","Suifu, China",,Send Correction / Feedback,Disclaimer,Copyright,Privacy Policy,,https://aviation-safety.net/database/record.php?id=19450615-0,,,,,,,,,,,,,,
,Monday 9 April 1945,,Douglas C-47A-65-DL (DC-3),China National Aviation Corporation - CNAC, 88, 19061, 1943,,Fatalities: 3 / Occupants: 3,Fatalities: 0 / Occupants: 0,Fatalities: 3 / Occupants: 3 , Damaged beyond repair,,"nr Kiaokie (   China) 
", En route (ENR),Cargo,"Kunming-Wujiaba Airfield (KMG/ZPPP), China","Sichang, China",,Send Correction / Feedback,Disclaimer,Copyright,Privacy Policy,,https://aviation-safety.net/database/record.php?id=19450409-2,,,,,,,,,,,,,,
,Saturday 7 April 1945,,Curtiss C-46A-60-CK Commando,United States Army Air Force - USAAF, 43-47211, 282, 1945, 2 Pratt & Whitney R-2800-51,Fatalities: 4 / Occupants: 4,Fatalities: 0 / Occupants: 0,Fatalities: 4 / Occupants: 4 , Missing, Presumed damaged beyond repair,"at an unknown location (   China) 
", En route (ENR),Military,?,?,,Send Correction / Feedback,Disclaimer,Copyright,Privacy Policy,,https://aviation-safety.net/database/record.php?id=19450407-0,,,,,,,,,,,,,,
,Thursday 29 March 1945,,Douglas C-47A-90-DL (DC-3),United States Army Air Force - USAAF, 43-15901, 20367, 1944,,Fatalities:  / Occupants: ,Fatalities:  / Occupants: ,Fatalities: 2 / Occupants:  , Damaged beyond repair,,"Hsian Airfield (   China) 
", Takeoff (TOF),Military,"Hsian Airfield (SIA/ZLXG), China",?,,Send Correction / Feedback,Disclaimer,Copyright,Privacy Policy,,https://aviation-safety.net/database/record.php?id=19450329-4,,,,,,,,,,,,,,
,Saturday 17 March 1945,,Douglas C-54B-1-DC (DC-4),United States Army Air Force - USAAF, 42-72418, 10523, 1945,,Fatalities: 4 / Occupants: 4,Fatalities: 0 / Occupants: 0,Fatalities: 4 / Occupants: 4 , Damaged beyond repair,,"near Yunnan (   China) 
", Unknown (UNK),Military,"Dhaka-Kurmitola Air Base, Bangladesh",?,,Send Correction / Feedback,Disclaimer,Copyright,Privacy Policy,,https://aviation-safety.net/database/record.php?id=19450317-0,,,,,,,,,,,,,,
,Tuesday 13 March 1945,,Curtiss C-46A-25-CU Commando,United States Army Air Force - USAAF, 41-24705, 26626, 1943, 2 Pratt & Whitney R-2800-51,Fatalities: 3 / Occupants: 3,Fatalities: 0 / Occupants: 0,Fatalities: 3 / Occupants: 3 , Missing, Presumed damaged beyond repair,"at an unknown location (   China) 
", Unknown (UNK),Military,"Chabua Air Force Station, India","Kunming-Wujiaba Airfield (KMG/ZPPP), China",,Send Correction / Feedback,Disclaimer,Copyright,Privacy Policy,,https://aviation-safety.net/database/record.php?id=19450313-6,,,,,,,,,,,,,,
,Thursday 1 March 1945,,Douglas Dakota IV (DC-3),Royal Air Force - RAF, KJ921, 26090/14645, 1944, 2 Pratt & Whitney R-1830-90C,Fatalities: 4 / Occupants: 4,Fatalities: 0 / Occupants: 0,Fatalities: 4 / Occupants: 4 , Damaged beyond repair,,"Hailing Island (   China) 
", En route (ENR),Military,"Kunming-Wujiaba Airfield (KMG/ZPPP), China","Kunming-Wujiaba Airfield (KMG/ZPPP), China",,Send Correction / Feedback,Disclaimer,Copyright,Privacy Policy,,https://aviation-safety.net/database/record.php?id=19450301-4,,,,,,,,,,,,,,
,Wednesday 7 February 1945,19:15,Douglas C-47B-20-DK (DC-3),United States Army Air Force - USAAF, 43-49657, 26918/15473, 1944, 2 Pratt & Whitney R-1830-90C,Fatalities: 2 / Occupants: 4,Fatalities: 35 / Occupants: 35,Fatalities: 37 / Occupants: 39 , Damaged beyond repair,,"123 km (76.9 mls) W of Hechi (   China) 
", En route (ENR),Military,"Hsian Airfield (SIA/ZLXG), China","Kunming-Wujiaba Airfield (KMG/ZPPP), China",,Send Correction / Feedback,Disclaimer,Copyright,Privacy Policy,,https://aviation-safety.net/database/record.php?id=19450207-1,,,,,,,,,,,,,,
,Sunday 4 February 1945,,Consolidated C-109 Liberator Express,United States Army Air Force - USAAF, 42-51921, 3472, ,,Fatalities: 5 / Occupants: 5,Fatalities: 0 / Occupants: 0,Fatalities: 5 / Occupants: 5 , Damaged beyond repair,,"near Luliang (   China) 
", Unknown (UNK),Military,?,?,,Send Correction / Feedback,Disclaimer,Copyright,Privacy Policy,,https://aviation-safety.net/database/record.php?id=19450204-1,,,,,,,,,,,,,,
,Tuesday 16 January 1945,,Douglas C-47A-80-DL (DC-3),China National Aviation Corporation - CNAC, 93, 19621, 1944,,Fatalities: 3 / Occupants: 3,Fatalities: 0 / Occupants: 0,Fatalities: 3 / Occupants: 3 , Damaged beyond repair,,"160 km (100 mls) E of Kunming (   China) 
", En route (ENR),Cargo,"Chongqing-Jiangbei International Airport (CKG/ZUCK), China","Kunming-Wujiaba Airfield (KMG/ZPPP), China",,Send Correction / Feedback,Disclaimer,Copyright,Privacy Policy,,https://aviation-safety.net/database/record.php?id=19450116-1,,,,,,,,,,,,,,
,Sunday 7 January 1945,,Douglas C-47B-1-DL (DC-3),China National Aviation Corporation - CNAC, 102, 2080., 1944,,Fatalities: 3 / Occupants: 3,Fatalities: 0 / Occupants: 0,Fatalities: 3 / Occupants: 3 , Damaged beyond repair,,"Tali (   China) 
", Unknown (UNK),Unknown,"Kunming-Wujiaba Airfield (KMG/ZPPP), China","Dinjan Airport, India",,Send Correction / Feedback,Disclaimer,Copyright,Privacy Policy,,https://aviation-safety.net/database/record.php?id=19450107-4,,,,,,,,,,,,,,
,Saturday 6 January 1945,,Douglas C-47A-5-DL (DC-3),China National Aviation Corporation - CNAC, 74, 9291, 1943,,Fatalities: 3 / Occupants: 3,Fatalities: 0 / Occupants: 0,Fatalities: 3 / Occupants: 3 , Missing, Presumed damaged beyond repair,"Patkai Mountains (   China) 
", Unknown (UNK),Unknown,?,?,,Send Correction / Feedback,Disclaimer,Copyright,Privacy Policy,,https://aviation-safety.net/database/record.php?id=19450106-0,,,,,,,,,,,,,,
,Sunday 10 December 1944,,Douglas C-47A-65-DL (DC-3),United States Army Air Force - USAAF, 42-100613, 19076, 1943, 2 Pratt & Whitney R-1830-92,Fatalities: 4 / Occupants: 4,Fatalities: 0 / Occupants: 0,Fatalities: 4 / Occupants: 4 , Missing, Presumed damaged beyond repair,"near Dali (   China) 
", En route (ENR),Military,?,"Dinjan Airport, India",,Send Correction / Feedback,Disclaimer,Copyright,Privacy Policy,,https://aviation-safety.net/database/record.php?id=19441210-1,,,,,,,,,,,,,,
,Tuesday 5 December 1944,,Douglas C-47A-90-DL (DC-3),United States Army Air Force - USAAF, 43-15821, 20287, 1944,,Fatalities: 4 / Occupants: 4,Fatalities: 0 / Occupants: 0,Fatalities: 4 / Occupants: 4 , Damaged beyond repair,,"ca 10 km W of Zhinaxiang (   China) 
", Unknown (UNK),Military,"Myitkyina (unknown airport), Myanmar","Kunming-Wujiaba Airfield (KMG/ZPPP), China",,Send Correction / Feedback,Disclaimer,Copyright,Privacy Policy,,https://aviation-safety.net/database/record.php?id=19441205-5,,,,,,,,,,,,,,
,Monday 13 November 1944,,Consolidated C-87 Liberator Express,United States Army Air Force - USAAF, 44-39208, 11, ,,Fatalities:  / Occupants: ,Fatalities:  / Occupants: ,Fatalities: 4 / Occupants:  , Damaged beyond repair,,"Yefonchang (   China) 
", Unknown (UNK),Military,?,?,,Send Correction / Feedback,Disclaimer,Copyright,Privacy Policy,,https://aviation-safety.net/database/record.php?id=19441113-0,,,,,,,,,,,,,,
,Friday 20 October 1944,21:30,Douglas C-47A-80-DL (DC-3),United States Army Air Force - USAAF, 43-15387, 19853, 1944, 2 Pratt & Whitney R-1830-92,Fatalities: 3 / Occupants: 3,Fatalities: 0 / Occupants: 0,Fatalities: 3 / Occupants: 3 , Missing, Presumed damaged beyond repair,"50 km (31.3 mls) N of Luichow (   China) 
", En route (ENR),Military,"Chengkung Airfield, China","Chengdu Airport (CTU/ZUUU), China",,Send Correction / Feedback,Disclaimer,Copyright,Privacy Policy,,https://aviation-safety.net/database/record.php?id=19441020-5,,,,,,,,,,,,,,
,Saturday 7 October 1944,,Douglas C-47-DL (DC-3),United States Army Air Force - USAAF, 41-18546, 4671, 1942, 2 Pratt & Whitney R-1830-92,Fatalities: 3 / Occupants: 3,Fatalities: 0 / Occupants: 0,Fatalities: 3 / Occupants: 3 , Damaged beyond repair,,"near Kunming (   China) 
", En route (ENR),Military,"Kunming-Wujiaba Airfield (KMG/ZPPP), China",?,,Send Correction / Feedback,Disclaimer,Copyright,Privacy Policy,,https://aviation-safety.net/database/record.php?id=19441007-0,,,,,,,,,,,,,,
,Tuesday 19 September 1944,,Douglas C-47A-90-DL (DC-3),United States Army Air Force - USAAF, 43-15870, 20336, 1944, 2 Pratt & Whitney R-1830-92,Fatalities:  / Occupants: ,Fatalities:  / Occupants: ,Fatalities: 4 / Occupants:  , Damaged beyond repair,,"80 km (50 mls) S of Kunming (   China) 
", Unknown (UNK),Military,?,?,,Send Correction / Feedback,Disclaimer,Copyright,Privacy Policy,,https://aviation-safety.net/database/record.php?id=19440919-3,,,,,,,,,,,,,,
,Tuesday 19 September 1944,,Douglas C-47A-90-DL (DC-3),United States Army Air Force - USAAF, 43-15861, 20327, 1944, 2 Pratt & Whitney R-1830-92,Fatalities: 3 / Occupants: 3,Fatalities: 0 / Occupants: 0,Fatalities: 3 / Occupants: 3 , Missing, Presumed damaged beyond repair,"near Dongchuan, Yunnan (   China) 
", En route (ENR),Military,"Peishiyi Airfield, China","Imphal Municipal Airport (IMF/VEIM), India",,Send Correction / Feedback,Disclaimer,Copyright,Privacy Policy,,https://aviation-safety.net/database/record.php?id=19440919-2,,,,,,,,,,,,,,
,Thursday 31 August 1944,,Douglas C-47A-90-DL (DC-3),China National Aviation Corporation - CNAC, 97, 20253, 1944,,Fatalities: 2 / Occupants: 3,Fatalities: 0 / Occupants: 0,Fatalities: 2 / Occupants: 3 , Damaged beyond repair,,"near Shimbuwang (   China) 
", En route (ENR),Cargo,"Kunming-Wujiaba Airfield (KMG/ZPPP), China",?,,Send Correction / Feedback,Disclaimer,Copyright,Privacy Policy,,https://aviation-safety.net/database/record.php?id=19440831-1,,,,,,,,,,,,,,
,Wednesday 23 August 1944,,Douglas C-47A-80-DL (DC-3),United States Army Air Force - USAAF, 43-15381, 19847, 1944, 2 Pratt & Whitney R-1830-92,Fatalities: 4 / Occupants: 4,Fatalities: 7 / Occupants: 7,Fatalities: 11 / Occupants: 11 , Damaged beyond repair,,"near Yankai (   China) 
", Unknown (UNK),Military,"Peishiyi Airfield, China","Kunming-Wujiaba Airfield (KMG/ZPPP), China",,Send Correction / Feedback,Disclaimer,Copyright,Privacy Policy,,https://aviation-safety.net/database/record.php?id=19440823-0,,,,,,,,,,,,,,
,Tuesday 1 August 1944,,Douglas C-47-DL (DC-3),China National Aviation Corporation - CNAC, 73, 9109, 1943,,Fatalities: 3 / Occupants: 3,Fatalities: 0 / Occupants: 0,Fatalities: 3 / Occupants: 3 , Damaged beyond repair,,"Baldy Mountain (   China) 
", En route (ENR),Cargo,"Kunming-Wujiaba Airfield (KMG/ZPPP), China",?,,Send Correction / Feedback,Disclaimer,Copyright,Privacy Policy,,https://aviation-safety.net/database/record.php?id=19440801-1,,,,,,,,,,,,,,
,Thursday 29 June 1944,,Curtiss C-46A-40-CU Commando,United States Army Air Force - USAAF, 42-61039, 26914, 1944, 2 Pratt & Whitney R-2800-51,Fatalities: 4 / Occupants: 4,Fatalities: 0 / Occupants: 0,Fatalities: 4 / Occupants: 4 , Damaged beyond repair,,"24 km (15 mls) of Chanyi (   China) 
", Unknown (UNK),Military,?,?,,Send Correction / Feedback,Disclaimer,Copyright,Privacy Policy,,https://aviation-safety.net/database/record.php?id=19440629-0,,,,,,,,,,,,,,
,Wednesday 21 June 1944,,Curtiss C-46A-25-CU Commando,United States Army Air Force - USAAF, 41-24716, 26637, 1943, 2 Pratt & Whitney R-2800-51,Fatalities: 4 / Occupants: 4,Fatalities: 0 / Occupants: 0,Fatalities: 4 / Occupants: 4 , Missing, Presumed damaged beyond repair,"between Hsinching and Chengkung (   China) 
", Unknown (UNK),Military,"Hsinching Airfield (A-1) (ZUXJ), China","Chengkung Airfield, China",,Send Correction / Feedback,Disclaimer,Copyright,Privacy Policy,,https://aviation-safety.net/database/record.php?id=19440621-0,,,,,,,,,,,,,,
,Sunday 18 June 1944,,Douglas C-47-DL (DC-3),China National Aviation Corporation - CNAC, 71, 9013, 1943,,Fatalities: 0 / Occupants: 3,Fatalities: 1 / Occupants: 1,Fatalities: 1 / Occupants: 4 , Damaged beyond repair,,"near Kweilin (   China) 
", Unknown (UNK),Cargo,"Kunming-Wujiaba Airfield (KMG/ZPPP), China","Chongqing-Jiangbei International Airport (CKG/ZUCK), China",,Send Correction / Feedback,Disclaimer,Copyright,Privacy Policy,,https://aviation-safety.net/database/record.php?id=19440618-0,,,,,,,,,,,,,,
,Friday 26 May 1944,,Douglas C-47A-45-DL (DC-3),China National Aviation Corporation - CNAC, 82, 9956, 1943,,Fatalities: 2 / Occupants: 2,Fatalities: 10 / Occupants: 10,Fatalities: 12 / Occupants: 12 , Damaged beyond repair,,"southern Tibet (   China) 
", En route (ENR),Int'l Non Scheduled Passenger,"Calcutta (unknown airport), India","Dinjan Airport, India",,Send Correction / Feedback,Disclaimer,Copyright,Privacy Policy,,https://aviation-safety.net/database/record.php?id=19440526-0,,,,,,,,,,,,,,
,Monday 8 May 1944,,Douglas C-47-DL (DC-3),United States Army Air Force - USAAF, 41-19468, 6111, 1942, 2 Pratt & Whitney R-1830-92,Fatalities: 5 / Occupants: 5,Fatalities: 2 / Occupants: 2,Fatalities: 7 / Occupants: 7 , Damaged beyond repair,,"near Lanping (   China) 
", En route (ENR),Military,"Kunming-Wujiaba Airfield (KMG/ZPPP), China",?,,Send Correction / Feedback,Disclaimer,Copyright,Privacy Policy,,https://aviation-safety.net/database/record.php?id=19440508-2,,,,,,,,,,,,,,
,Monday 27 March 1944,,Curtiss C-46A-20-CU Commando,United States Army Air Force - USAAF, 41-24688, 26609, 1943, 2 Pratt & Whitney R-2800-51,Fatalities: 4 / Occupants: 4,Fatalities: 0 / Occupants: 0,Fatalities: 4 / Occupants: 4 , Damaged beyond repair,,"near Langko (   China) 
", En route (ENR),Military,"Kunming-Wujiaba Airfield (KMG/ZPPP), China","Sookerating Air Base, India",,Send Correction / Feedback,Disclaimer,Copyright,Privacy Policy,,https://aviation-safety.net/database/record.php?id=19440327-3,,,,,,,,,,,,,,
,Saturday 18 March 1944,,Consolidated C-87 Liberator Express,United States Army Air Force - USAAF, 43-30575, 55, ,,Fatalities: 4 / Occupants: 4,Fatalities: 3 / Occupants: 3,Fatalities: 7 / Occupants: 7 , Damaged beyond repair,,"48 km (30 mls) W of Loshan (   China) 
", En route (ENR),Military,?,?,,Send Correction / Feedback,Disclaimer,Copyright,Privacy Policy,,https://aviation-safety.net/database/record.php?id=19440318-3,,,,,,,,,,,,,,
,Sunday 20 February 1944,,Douglas C-47A-25-DL (DC-3),China National Aviation Corporation - CNAC, 75, 9416, 1943, 2 Pratt & Whitney R-1830-92,Fatalities: 2 / Occupants: 2,Fatalities: 0 / Occupants: 0,Fatalities: 2 / Occupants: 2 , Damaged beyond repair,,"near Paoshan (   China) 
", Takeoff (TOF),Cargo,"Dinjan Airport, India","Kunming-Wujiaba Airfield (KMG/ZPPP), China",,Send Correction / Feedback,Disclaimer,Copyright,Privacy Policy,,https://aviation-safety.net/database/record.php?id=19440220-0,,,,,,,,,,,,,,
,Monday 31 January 1944,,Consolidated C-87 Liberator Express,United States Army Air Force - USAAF, 41-23862, 648, ,,Fatalities: 5 / Occupants: 5,Fatalities: 0 / Occupants: 0,Fatalities: 5 / Occupants: 5 , Damaged beyond repair,,"near Lhasa (   China) 
", En route (ENR),Military,"Kunming-Wujiaba Airfield (KMG/ZPPP), China","Jorhat-Rowriah Airport (JRH/VEJT), India",,Send Correction / Feedback,Disclaimer,Copyright,Privacy Policy,,https://aviation-safety.net/database/record.php?id=19440131-5,,,,,,,,,,,,,,
,Tuesday 25 January 1944,,Consolidated C-87 Liberator Express,United States Army Air Force - USAAF, 42-107262, 14, ,,Fatalities: 3 / Occupants: 4,Fatalities: 0 / Occupants: 0,Fatalities: 3 / Occupants: 4 , Damaged beyond repair,,"Himalaya Mountains (   China) 
", En route (ENR),Military,"Jorhat-Rowriah Airport (JRH/VEJT), India","Yangkai Airfield, China",,Send Correction / Feedback,Disclaimer,Copyright,Privacy Policy,,https://aviation-safety.net/database/record.php?id=19440125-0,,,,,,,,,,,,,,
,Monday 20 December 1943,,Curtiss C-46A-15-CU Commando,United States Army Air Force - USAAF, 41-12397, 26524, 1943, 2 Pratt & Whitney R-2800-51,Fatalities: 4 / Occupants: 4,Fatalities: 0 / Occupants: 0,Fatalities: 4 / Occupants: 4 , Missing, Presumed damaged beyond repair,"within China (   China) 
", Unknown (UNK),Military,"Mohanbari Air Base (MOH/VEMN), India",?,,Send Correction / Feedback,Disclaimer,Copyright,Privacy Policy,,https://aviation-safety.net/database/record.php?id=19431220-2,,,,,,,,,,,,,,
,Saturday 18 December 1943,,Douglas C-47A-50-DL (DC-3),China National Aviation Corporation - CNAC, 83, 10159, 1943,,Fatalities: 3 / Occupants: 3,Fatalities: 0 / Occupants: 0,Fatalities: 3 / Occupants: 3 , Damaged beyond repair,,"near Suifu (   China) 
", Approach (APR),Cargo,"Dinjan Airport, India","Suifu, China",,Send Correction / Feedback,Disclaimer,Copyright,Privacy Policy,,https://aviation-safety.net/database/record.php?id=19431218-0,,,,,,,,,,,,,,
,Friday 26 November 1943,,Consolidated C-87 Liberator Express,United States Army Air Force - USAAF, 41-11800, 296, ,,Fatalities:  / Occupants: ,Fatalities:  / Occupants: ,Fatalities: 2 / Occupants: 4 , Damaged beyond repair,,"within China (   China) 
", En route (ENR),Military,"Kunming-Wujiaba Airfield (KMG/ZPPP), China","Jorhat-Rowriah Airport (JRH/VEJT), India",,Send Correction / Feedback,Disclaimer,Copyright,Privacy Policy,,https://aviation-safety.net/database/record.php?id=19431126-4,,,,,,,,,,,,,,
,Friday 19 November 1943,,Douglas C-47 (DC-3),China National Aviation Corporation - CNAC, 63, 6034, 1942,,Fatalities: 3 / Occupants: 3,Fatalities: 0 / Occupants: 0,Fatalities: 3 / Occupants: 3 , Damaged beyond repair,,"near Kunming (   China) 
", Approach (APR),Cargo,?,"Kunming-Wujiaba Airfield (KMG/ZPPP), China",,Send Correction / Feedback,Disclaimer,Copyright,Privacy Policy,,https://aviation-safety.net/database/record.php?id=19431119-2,,,,,,,,,,,,,,
,Friday 19 November 1943,,Douglas C-53 (DC-3),China National Aviation Corporation - CNAC, 59, 7406, 1942,,Fatalities: 2 / Occupants: 3,Fatalities: 0 / Occupants: 0,Fatalities: 2 / Occupants: 3 , Damaged beyond repair,,"Kunming (   China) 
", Approach (APR),Cargo,?,"Kunming-Wujiaba Airfield (KMG/ZPPP), China",,Send Correction / Feedback,Disclaimer,Copyright,Privacy Policy,,https://aviation-safety.net/database/record.php?id=19431119-1,,,,,,,,,,,,,,
,Friday 29 October 1943,,Curtiss C-46 Commando,United States Army Air Force - USAAF, 41-5172, 26374, 1942,,Fatalities: 1 / Occupants: 4,Fatalities: 0 / Occupants: 0,Fatalities: 1 / Occupants: 4 , Damaged beyond repair,,"between Dinjan and Kunming (   China) 
", Unknown (UNK),Military,"Dinjan Airport, India","Kunming-Wujiaba Airfield (KMG/ZPPP), China",,Send Correction / Feedback,Disclaimer,Copyright,Privacy Policy,,https://aviation-safety.net/database/record.php?id=19431029-8,,,,,,,,,,,,,,
,Sunday 3 October 1943,,Curtiss C-46A-15-CU Commando,United States Army Air Force - USAAF, 41-12422, 26549, 1943, 2 Pratt & Whitney R-2800-51,Fatalities:  / Occupants: ,Fatalities:  / Occupants: ,Fatalities: 6 / Occupants:  , Damaged beyond repair,,"6,5 km (4.1 mls) NE of Kunming (   China) 
", Unknown (UNK),Military,?,?,,Send Correction / Feedback,Disclaimer,Copyright,Privacy Policy,,https://aviation-safety.net/database/record.php?id=19431003-0,,,,,,,,,,,,,,
,Wednesday 8 September 1943,,Curtiss C-46A-1-CU Commando,United States Army Air Force - USAAF, 41-5184, 26386, 1942, 2 Pratt & Whitney R-2800-51,Fatalities: 4 / Occupants: 4,Fatalities: 0 / Occupants: 0,Fatalities: 4 / Occupants: 4 , Damaged beyond repair,,"between Kunming and Sookerating (   China) 
", En route (ENR),Military,"Kunming-Wujiaba Airfield (KMG/ZPPP), China","Sookerating Air Base, India",,Send Correction / Feedback,Disclaimer,Copyright,Privacy Policy,,https://aviation-safety.net/database/record.php?id=19430908-1,,,,,,,,,,,,,,
,Monday 2 August 1943,,Douglas C-47-DL (DC-3),United States Army Air Force - USAAF, 41-38656, 6039, 1942, 2 Pratt & Whitney R-1830-92,Fatalities: 3 / Occupants: 3,Fatalities: 0 / Occupants: 0,Fatalities: 3 / Occupants: 3 , Missing, Presumed damaged beyond repair,"near Yunnanyi (   China) 
", En route (ENR),Military,"Kunming-Wujiaba Airfield (KMG/ZPPP), China","Mohanbari Air Base (MOH/VEMN), India",,Send Correction / Feedback,Disclaimer,Copyright,Privacy Policy,,https://aviation-safety.net/database/record.php?id=19430802-3,,,,,,,,,,,,,,
,Wednesday 23 June 1943,,Curtiss C-46A-5-CU Commando,United States Army Air Force - USAAF, 41-12329, 26456, 1943, 2 Pratt & Whitney R-2800-51,Fatalities:  / Occupants: ,Fatalities:  / Occupants: ,Fatalities: 1 / Occupants:  , Damaged beyond repair,,"Yunnanyi (   China) 
", Takeoff (TOF),Military,"Yunnanyi Airport, China",?,,Send Correction / Feedback,Disclaimer,Copyright,Privacy Policy,,https://aviation-safety.net/database/record.php?id=19430623-0,,,,,,,,,,,,,,
,Wednesday 9 June 1943,,Douglas DC-3-196A,Hamiata, URSS-N, 2043, 1938,,Fatalities: 4 / Occupants: 4,Fatalities: 28 / Occupants: 28,Fatalities: 32 / Occupants: 32 , Damaged beyond repair,,"20 km (12.5 mls) NE of Yanchi (   China) 
", En route (ENR),International Scheduled Passenger,"Tihwa Airport (URC/ZWWW), China","Hami Airport (HMI/ZWHM), China",,Send Correction / Feedback,Disclaimer,Copyright,Privacy Policy,,https://aviation-safety.net/database/record.php?id=19430609-4,,2289,,,,,,,,,,,,
,Friday 7 May 1943,,Consolidated C-87 Liberator Express,United States Army Air Force - USAAF, 41-23669, 464, ,,Fatalities: 4 / Occupants: 4,Fatalities: 0 / Occupants: 0,Fatalities: 4 / Occupants: 4 , Damaged beyond repair,,"between Yangkai and Chabua (   China) 
", En route (ENR),Military,"Yangkai Airfield, China","Chabua Airfield (VECA), India",,Send Correction / Feedback,Disclaimer,Copyright,Privacy Policy,,https://aviation-safety.net/database/record.php?id=19430507-3,,,,,,,,,,,,,,
,Thursday 11 March 1943,,Douglas C-53-DO (DC-3),China National Aviation Corporation - CNAC, 53, 4904, 1942, 2 Pratt & Whitney R-1830-92,Fatalities: 3 / Occupants: 3,Fatalities: 0 / Occupants: 0,Fatalities: 3 / Occupants: 3 , Damaged beyond repair,,"near Luishui (   China) 
", En route (ENR),Cargo,"Kunming-Wujiaba Airfield (KMG/ZPPP), China","Assam, India",,Send Correction / Feedback,Disclaimer,Copyright,Privacy Policy,,https://aviation-safety.net/database/record.php?id=19430311-0,,,,,,,,,,,,,,
,Tuesday 17 November 1942,,Douglas C-47-DL (DC-3),China National Aviation Corporation - CNAC, 60, 4681, 1942,,Fatalities: 3 / Occupants: 3,Fatalities: 0 / Occupants: 0,Fatalities: 3 / Occupants: 3 , Destroyed, Written off (damaged beyond repair),"15 km (9.4 mls) NW of Dali, Yunnan Province (   China) 
", En route (ENR),Ferry/positioning,"Kunming-Wujiaba Airfield (KMG/ZPPP), China","Dinjan Airport, India",,Send Correction / Feedback,Disclaimer,Copyright,Privacy Policy,,https://aviation-safety.net/database/record.php?id=19421117-0,,,,,,,,,,,,, 4084 m (13399 feet) amsl ,
,Saturday 14 March 1942,ca 21:30,Douglas DC-2-221,China National Aviation Corporation - CNAC, 31, 1567, 1937,,Fatalities: 3 / Occupants: 3,Fatalities: 10 / Occupants: 14,Fatalities: 13 / Occupants: 17 , Damaged beyond repair,,"2 km (1.3 mls) from  Kunming Airport (KMG) (   China) 
", Takeoff (TOF),Domestic Scheduled Passenger,"Kunming-Wujiaba Airfield (KMG/ZPPP), China","Chongqing-Jiangbei International Airport (CKG/ZUCK), China",,Send Correction / Feedback,Disclaimer,Copyright,Privacy Policy,,https://aviation-safety.net/database/record.php?id=19420314-1,,,,,,,,,,,,,,
,Wednesday 12 February 1941,,Douglas DC-2-192,China National Aviation Corporation - CNAC, 40, 1560 or 1598, 1936,,Fatalities: 3 / Occupants: 3,Fatalities: 0 / Occupants: 0,Fatalities: 3 / Occupants: 3 , Damaged beyond repair,,"Taohsien, Hunan (   China) 
", En route (ENR),Cargo,"Hong Kong-Kai Tak International Airport (HKG/VHHH), Hong Kong","Chongqing-Jiangbei International Airport (CKG/ZUCK), China",,Send Correction / Feedback,Disclaimer,Copyright,Privacy Policy,,https://aviation-safety.net/database/record.php?id=19410212-0,,,,,,,,,,,,,,
,Monday 20 January 1941,,Ford 5-AT-D Tri-Motor,China National Aviation Corporation - CNAC, 23, 5-AT-101, 1931-05-01  (9 years 9 months), 3 Pratt & Whitney R-1340 Wasp,Fatalities: 3 / Occupants: 4,Fatalities: 2 / Occupants: 2,Fatalities: 5 / Occupants: 6 , Damaged beyond repair,,"within Jiangxi Province (   China) 
", En route (ENR),Domestic Non Scheduled Passenger,?,?,,Send Correction / Feedback,Disclaimer,Copyright,Privacy Policy,,https://aviation-safety.net/database/record.php?id=19410120-0,,,,,,,,,,,,,,
,Tuesday 29 October 1940,,Douglas DC-2-221,China National Aviation Corporation - CNAC, 39, 1568, 1937,,Fatalities: 2 / Occupants: 4,Fatalities: 7 / Occupants: 10,Fatalities: 9 / Occupants: 14 , Destroyed, Written off (damaged beyond repair),"near Changyi (   China) 
", Taxi (TXI),Domestic Scheduled Passenger,"Chongqing-Jiangbei International Airport (CKG/ZUCK), China","Kunming-Wujiaba Airfield (KMG/ZPPP), China",,Send Correction / Feedback,Disclaimer,Copyright,Privacy Policy,,https://aviation-safety.net/database/record.php?id=19401029-0,,,,,,,,,,,,,,
,Sunday 12 March 1939,,Junkers Ju-52/3mge,Eurasia, XXIII, 4074, ,,Fatalities: 0 / Occupants: 2,Fatalities: 4 / Occupants: 4,Fatalities: 4 / Occupants: 6 , Damaged beyond repair,,"near Weining (   China) 
", En route (ENR),Domestic Scheduled Passenger,"Chongqing-Jiangbei International Airport (CKG/ZUCK), China","Kunming-Wujiaba Airfield (KMG/ZPPP), China",,Send Correction / Feedback,Disclaimer,Copyright,Privacy Policy,,https://aviation-safety.net/database/record.php?id=19390312-0,,,,,,,,,,,,,,
,Wednesday 24 August 1938,,Douglas DC-2-221,China National Aviation Corporation - CNAC, 32, 1568, 1937,,Fatalities: 1 / Occupants: 3,Fatalities: 13 / Occupants: 14,Fatalities: 14 / Occupants: 17 , Substantial, Repaired,"Wangmoon (   China) 
", En route (ENR),Domestic Scheduled Passenger,"Hong Kong-Kai Tak International Airport (HKG/VHHH), Hong Kong","Chongqing-Jiangbei International Airport (CKG/ZUCK), China",,Send Correction / Feedback,Disclaimer,Copyright,Privacy Policy,,https://aviation-safety.net/database/record.php?id=19380824-0,,,,,,,,,,,,,,
,Sunday 8 August 1937,,Sikorsky S-43W,China National Aviation Corporation - CNAC, NC16930, 4321, 1936,,Fatalities: 3 / Occupants: 4,Fatalities: 0 / Occupants: 7,Fatalities: 3 / Occupants: 11 , Damaged beyond repair,,"Chilang Point, Bias Bay (   China) 
", Landing (LDG),International Scheduled Passenger,"Hong Kong-Kai Tak International Airport (HKG/VHHH), Hong Kong","Shanghai (unknown airport), China",,Send Correction / Feedback,Disclaimer,Copyright,Privacy Policy,,https://aviation-safety.net/database/record.php?id=19370808-0,,,,,,,,,,,,,,
,Friday 31 March 1922,10:00,Handley Page O/7,Chinese Government, registration unknown, , ,,Fatalities:  / Occupants: ,Fatalities:  / Occupants: ,Fatalities: 14 / Occupants: 14 , Damaged beyond repair,,"near Beijing-Nanyuan Airport (   China) 
", Approach (APR),Domestic Non Scheduled Passenger,?,"Beijing-Nanyuan Airport (NAY/ZBNY), China",,Send Correction / Feedback,Disclaimer,Copyright,Privacy Policy,,https://aviation-safety.net/database/record.php?id=19220331-0,,,,,,,,,,,,,,
